article_id,entity,label,score
0,menteri keuangan,NOR,0.9488228
0,purbaya yudhi sadewa,PER,0.9624123
1,menteri keuangan,NOR,0.95213556
1,purbaya yudhi sadewa,PER,0.96617365
2,sri mulyani,PER,0.99401075
2,purbaya yudhi sadewa,PER,0.9795649
3,purbaya yudhi sad,PER,0.93368846
3,sri mulyani,PER,0.9924946
3,menteri keuangan,NOR,0.934439
4,menteri keuangan,NOR,0.9632086
4,baru,PER,0.9349586
4,purbaya yudhi sadewa,PER,0.9390831
5,purbaya yudhi sadewa,PER,0.95297956
5,sri mulyani,PER,0.98858047
5,jokowi,PER,0.9940103
6,pendidikan,ORG,0.63653207
6,purba,PER,0.783358
6,##ya,ORG,0.46891123
6,yudhi sadewa,PER,0.8645823
6,menkeu,NOR,0.63195944
6,sri mulyani,PER,0.99447364
7,purbaya yudhi sadewa,PER,0.9596932
7,menteri keuangan,NOR,0.959736
8,purbaya yudhi sadewa,PER,0.95298594
8,sri mulyani,PER,0.9946761
9,purbaya yudhi sadewa,PER,0.95311975
9,menteri keuangan,NOR,0.94915116
9,sri mulyani,PER,0.9956092
10,purbaya yudhi sadewa,PER,0.8919656
10,menteri keuangan,NOR,0.7713934
10,prabowo,PER,0.99723405
11,purbaya yudhi sadewa,PER,0.95311975
11,menteri keuangan,NOR,0.94915116
11,sri mulyani,PER,0.9956092
12,prabowo,PER,0.9910052
12,sri mulyani,PER,0.9913567
12,purbaya yudhi sadewa,PER,0.9770684
13,yudhi sadewa,PER,0.9554976
13,sri mulyani,PER,0.9954214
14,menteri keuangan,NOR,0.9407836
14,purbaya yudhi sadewa,PER,0.9796582
15,men,NOR,0.42371765
15,##keu,ORG,0.53075397
15,purbaya yudhi sadewa,PER,0.86329824
15,lps,ORG,0.9116049
15,sri mulyani,PER,0.9947724
16,purbaya yudhi sadewa,PER,0.9793188
16,menteri keuangan,NOR,0.87540406
16,sri mulyani,PER,0.9956315
17,purbaya yudhi sadewa,PER,0.98399
17,soeharto,PER,0.68237823
18,sri mulyani,PER,0.9885092
18,purbaya yudhi sadewa,PER,0.9703376
18,menteri keuangan,NOR,0.8540535
19,sri mulyani,PER,0.99092525
19,purbaya yudhi sadewa,PER,0.96391225
20,purbaya yudhi sadewa,PER,0.97665054
21,menkeu,NOR,0.8334313
21,purbaya yudhi sadewa,PER,0.91075945
22,jum,PER,0.6770659
22,menteri keuangan,NOR,0.9477768
22,purba,PER,0.9928115
22,##ya yudhi sadewa,PER,0.8588206
23,purba,PER,0.7614026
23,yudhi sadewa,PER,0.94111335
24,purbaya yudhi sadewa,PER,0.9028315
24,sby,PER,0.96707225
24,menke,NOR,0.64755
25,purba,PER,0.9519471
25,yudhi sadewa,PER,0.9252266
26,yudhi sadewa,PER,0.96321696
26,sri mulyani,PER,0.9944978
27,purbaya yudhi sadewa,PER,0.9728331
27,sri mulyani,PER,0.9886084
27,##keu,NOR,0.5179421
28,purbaya,PER,0.877126
28,yudhi sadewa,PER,0.9051913
28,menteri keuangan,NOR,0.9529401
28,sri mulyani,PER,0.9933799
29,menteri keuangan,NOR,0.8627982
29,purbaya yudhi sadewa,PER,0.97656584
30,purbaya yudhi sadewa,PER,0.94755316
30,menteri keuangan,NOR,0.95803905
30,prabowo,PER,0.9967354
31,menkeu,NOR,0.8683379
31,purbaya,PER,0.63914764
31,yudhi sadewa,PER,0.90421367
32,menteri keuangan,NOR,0.9632086
32,baru,PER,0.9349586
32,purbaya yudhi sadewa,PER,0.9390831
33,purba,PER,0.71781385
33,yudhi sadewa,PER,0.8509817
33,singg,PER,0.5145518
33,mb,PER,0.3374719
34,purbaya yudhi,PER,0.9805645
35,purbaya sadewa,PER,0.9581574
35,sri mulyani,PER,0.992532
36,purbaya yudhi sadewo,PER,0.9881303
37,purbaya sadewa men,PER,0.8546465
37,##ke,NOR,0.44888285
37,##u baru,PER,0.41409117
37,menteri pkp,NOR,0.89702743
38,menkeu,NOR,0.63974917
38,purba,PER,0.7609181
38,sadewa,PER,0.9032474
38,kadin,ORG,0.6517917
39,purbaya yudhi,PER,0.9743567
39,sri mulyani,PER,0.9814859
40,menkeu,NOR,0.8189799
40,purbaya yudhi,PER,0.9321519
40,sri mulyani,PER,0.98001647
40,cia,NOR,0.33263516
41,prabowo,PER,0.9895997
41,menkeu,NOR,0.76360434
41,purba,PER,0.7661254
41,##ya sadewa,PER,0.74399304
41,sri mulyani,PER,0.9915685
41,ali wardhana,PER,0.98855907
42,menteri keuangan,NOR,0.80381185
42,purbaya sadewa,PER,0.98792315
42,lps,ORG,0.817646
43,sri mulyani,PER,0.980906
43,cia,NOR,0.48142356
43,menkeu,NOR,0.8937004
43,purbaya,PER,0.819342
43,yudhi larang,PER,0.7059226
44,purba,PER,0.9774046
44,yudhi,PER,0.9050796
44,##ke,NOR,0.54801095
44,baru,NOR,0.43505785
44,ri,NOR,0.44146803
45,menkeu,NOR,0.79866576
45,purbaya yudhi,PER,0.9690393
46,purbaya yudhi,PER,0.8961413
46,ri,NOR,0.49349165
47,pertamina malas,ORG,0.5559979
48,purba,PER,0.58583874
51,j. b sumarlin,PER,0.9759245
51,menteri,NOR,0.58672875
51,purbaya,PER,0.8588458
53,friedman,PER,0.9563562
54,menkeu,NOR,0.5690951
54,purba,PER,0.30358362
55,menkeu purba,NOR,0.8553382
55,##ya,ORG,0.39457387
56,purbaya,PER,0.7682917
57,pramono,PER,0.9710903
57,menkeu,NOR,0.74169683
57,purbaya,PER,0.79860103
58,menke,NOR,0.5236825
59,menkeu,NOR,0.60648054
59,purba,PER,0.5082493
59,kepala bgn,ORG,0.8804948
60,menkeu,NOR,0.63137555
60,purba,PER,0.6225429
61,anggito abimanyu,PER,0.94657844
61,ketua lps,ORG,0.80105954
61,purbaya,PER,0.94409394
62,menkeu,NOR,0.8060257
62,purbaya,PER,0.61330277
62,tutut,PER,0.56275386
62,soeharto,PER,0.5168722
62,ptun,ORG,0.9031625
63,menkeu,NOR,0.6645108
63,purba,PER,0.6120227
64,dpr,NOR,0.7263728
64,menkeu,NOR,0.7960084
64,purba,PER,0.45881644
64,##ya,ORG,0.27979368
65,sri mulyani,PER,0.9919162
65,menkeu purba,NOR,0.7352983
66,prabowo,PER,0.9924563
66,purbaya,PER,0.74934113
67,pimpinan dpr,NOR,0.76605785
67,menkeu,NOR,0.8212212
67,purba,PER,0.57032055
68,menke,NOR,0.6285625
68,##u,ORG,0.4370412
68,purba,PER,0.45861346
70,purbaya,PER,0.938375
70,menteri keuangan,NOR,0.9649147
71,menkeu,NOR,0.5986238
71,purba,PER,0.4708789
72,menke,NOR,0.71105754
72,##u,ORG,0.49255577
72,purba,PER,0.6110908
73,men,NOR,0.6060156
73,##u,ORG,0.466767
74,purbaya,PER,0.74998367
75,menkeu,NOR,0.6243287
75,purba,PER,0.52692866
76,purbaya restu,PER,0.8083398
76,bank jakarta,ORG,0.60035056
77,menke,NOR,0.6357807
77,##u,ORG,0.39051294
77,purba,PER,0.71782506
77,bank jakarta,ORG,0.9812602
78,menke,NOR,0.5234624
78,##u purbaya samba,ORG,0.44144195
78,balai kota,ORG,0.5310569
78,pramono,PER,0.90764844
79,kemenperin,NOR,0.91678077
79,menkeu purba,NOR,0.8497317
80,menkeu purba,NOR,0.554599
80,##ya,ORG,0.5984281
81,purba,PER,0.85305107
84,anggito abimanyu,PER,0.92442185
84,wamenkeu,ORG,0.9241312
84,lps,ORG,0.95607495
84,ganti,PER,0.6310721
84,##kan,ORG,0.47035235
84,purba,PER,0.54638356
85,purbaya,PER,0.7451669
85,badan penerimaan negara,ORG,0.6087454
86,menkeu purba,NOR,0.7439288
87,menkeu,NOR,0.66261786
88,menkeu,NOR,0.66165
88,purbaya,PER,0.67921275
89,dpr,NOR,0.99239653
89,menkeu,NOR,0.6822074
89,purba,PER,0.5724585
90,purbaya,PER,0.9109307
90,##keu,NOR,0.54467726
90,luhut,PER,0.9249083
92,menkeu,NOR,0.7199888
92,purba,PER,0.4933738
93,menkeu purba,NOR,0.68374157
95,men,NOR,0.45966372
95,##u,ORG,0.30899686
95,purba,PER,0.38691846
96,menkeu,NOR,0.7267087
96,purba,PER,0.41784722
97,purbaya,PER,0.8433679
97,jakarta collaboration fund,ORG,0.53320664
98,luhut,PER,0.96273255
98,menkeu,NOR,0.6766289
98,purba,PER,0.34502125
98,bg,ORG,0.29434058
99,purba,PER,0.55397904
99,pemerintah,NOR,0.94467765
100,wamenkeu,ORG,0.68703294
100,anggito,PER,0.771531
100,lps,ORG,0.86298347
102,menkeu,NOR,0.6891139
102,purba,PER,0.6668354
103,menkeu,NOR,0.7315733
103,purba,PER,0.44714537
104,tut,PER,0.6671368
104,soeharto,PER,0.7312947
104,menkeu,NOR,0.871927
104,purbaya,PER,0.6045024
105,menke,NOR,0.49739504
105,##u purba,ORG,0.5199424
106,menke,NOR,0.647115
106,##u,ORG,0.5043277
106,purba,PER,0.6974921
107,prabowo,PER,0.99585706
107,purba,PER,0.6795941
107,sri mulyani,PER,0.99084145
108,purbaya,PER,0.90674454
108,lps,ORG,0.7096064
109,men,NOR,0.70868117
109,##keu purba,ORG,0.59452915
110,menkeu purba,NOR,0.7993201
111,menkeu,NOR,0.60008836
111,purba,PER,0.69688284
112,##keu,NOR,0.49327993
113,badan penerimaan negara,ORG,0.65140796
113,menkeu,NOR,0.78599674
113,purba,PER,0.25842053
114,menkeu,NOR,0.64467263
114,purbaya,PER,0.4682783
114,bei,ORG,0.6594058
116,purba,PER,0.8792602
116,prabowo,PER,0.98773605
117,misbakhun,PER,0.920644
118,menkeu,NOR,0.73086387
118,purbaya,PER,0.44871575
118,bei,PER,0.50573415
119,menkeu,NOR,0.7009792
119,purba,PER,0.42275104
121,purba,PER,0.9523587
121,ray,PER,0.73930794
121,prabowo,PER,0.9335139
122,purba,PER,0.50390387
123,menkeu,NOR,0.78980017
123,purba,PER,0.48781368
124,kiai jatim,PER,0.7329637
124,menkeu purba,NOR,0.7380967
126,purbaya,PER,0.71508074
126,hotman paris,ORG,0.5135111
127,menkeu purba,NOR,0.53982043
127,bi,ORG,0.9032093
129,men,NOR,0.5198342
129,##u,ORG,0.5182905
129,purba,PER,0.634247
130,menkeu,NOR,0.8253667
130,purba,PER,0.6655039
131,menke,NOR,0.64575064
131,##u,ORG,0.48959276
133,purba,PER,0.7645524
134,purba,PER,0.6062483
135,tutut,PER,0.6463823
135,soeharto,PER,0.6878992
135,menkeu,NOR,0.70917755
135,purbaya,PER,0.52672404
136,mb,PER,0.64496756
137,prabowo,PER,0.99051696
137,zulhas,PER,0.977705
137,purbaya,PER,0.61781526
138,menkeu,NOR,0.38703296
138,purbaya,PER,0.50556874
139,menkeu purba,NOR,0.6989257
139,pemerintahan,NOR,0.7090636
139,prabowo,PER,0.98781
140,menkeu,NOR,0.615823
140,purbaya,PER,0.7175389
141,menkeu,NOR,0.71236724
141,purba,PER,0.819924
141,kode,PER,0.8439033
141,prabowo,PER,0.7781716
142,menkeu,NOR,0.66520727
142,purba,PER,0.39840963
143,menkeu,NOR,0.59079844
144,purba,PER,0.9160339
145,menke,NOR,0.5670426
145,##u,ORG,0.49700734
145,purba,PER,0.6424112
145,prabowo,PER,0.99678975
146,menkeu,NOR,0.73063916
146,purba,PER,0.46732453
147,gubernur,NOR,0.77026874
147,purba,PER,0.96247715
148,menkeu,NOR,0.70741755
148,purba,PER,0.41569307
149,pramono,PER,0.9483497
149,men,PER,0.364192
149,##keu,NOR,0.31003863
149,purba,PER,0.5297259
151,purbaya,PER,0.9053923
151,anggito,PER,0.8731002
151,ketua lps,ORG,0.6132502
151,presiden,NOR,0.6175271
152,menkeu,NOR,0.7274878
152,purbaya,PER,0.48680806
152,anggito abimanyu,PER,0.9728295
152,ketua,NOR,0.48045084
152,dewan komisioner lps,ORG,0.73538154
153,menkeu,NOR,0.7272765
153,purbaya,PER,0.45421213
154,ida yulidina,PER,0.9916694
154,menkeu,NOR,0.7813263
154,purba,PER,0.6369387
155,##keu,NOR,0.35377353
156,purba,PER,0.5536285
157,menke,NOR,0.57176346
157,##u,ORG,0.54101706
157,purba,PER,0.52539647
157,tim akselerasi program prioritas,ORG,0.888929
157,prabowo,PER,0.9828242
158,karir purbaya,PER,0.7134346
158,menteri keuangan,NOR,0.82888913
159,purbaya,PER,0.8865051
159,lps,ORG,0.70074296
160,purba,PER,0.9706405
160,menteri keuangan,NOR,0.94532406
161,purba,PER,0.977183
161,menteri keuangan,NOR,0.9143133
161,gede,PER,0.9785074
162,menke,NOR,0.7030313
162,##u purba,ORG,0.5525925
163,menkeu,NOR,0.62489396
163,purbaya,ORG,0.3983559
164,luhut,PER,0.96508694
164,menkeu purba,NOR,0.50133556
164,prabowo,PER,0.9952402
165,pr,NOR,0.6266223
165,men,ORG,0.2405459
165,##keu,NOR,0.5927168
165,purba,PER,0.5664433
165,apindo,PER,0.75124806
166,menteri keuangan,NOR,0.9262794
166,purba,PER,0.72813964
167,purba,PER,0.70550954
167,menteri keuangan,NOR,0.7387352
167,indef,PER,0.8787178
168,menkeu,NOR,0.59801507
168,purba,ORG,0.4059958
169,purba,PER,0.6450587
169,bank himbara,ORG,0.96355253
170,menkeu,NOR,0.6270104
170,purba,PER,0.4721321
171,menkeu,NOR,0.70968133
171,purba,PER,0.52518326
171,lu,PER,0.994501
172,himbara,PER,0.5698609
172,menke,NOR,0.5777915
172,##u purbaya,ORG,0.65026766
172,pemerintah,NOR,0.7259504
172,bank daerah,ORG,0.85536504
173,menkeu,NOR,0.7949123
173,purba,PER,0.6653323
173,pns,NOR,0.5606909
174,purba,PER,0.9241479
175,purba,PER,0.9443986
177,purba,PER,0.5815721
178,menkeu,NOR,0.6575859
178,purbaya rama,PER,0.6809835
179,purba,PER,0.57602125
179,bgn,ORG,0.37985134
180,purba,PER,0.8800467
181,prabowo,PER,0.99657756
181,menkeu purba,NOR,0.7288588
182,##u,ORG,0.5045062
182,purba,PER,0.49765778
183,men,NOR,0.72975844
183,##keu purba,ORG,0.6168553
184,purba,PER,0.871315
184,bea cukai,NOR,0.58475864
185,hotman paris,ORG,0.64483905
185,menkeu,NOR,0.656344
185,purba,PER,0.3250858
186,menke,NOR,0.56085265
186,##u purba,ORG,0.44172868
187,tompi,PER,0.71160424
187,men,NOR,0.5755524
187,##keu purba,ORG,0.58486444
187,bank,ORG,0.58377147
188,himbara,PER,0.26979664
188,purba,PER,0.98240894
189,purba,PER,0.82042646
189,dpr,NOR,0.98583084
190,ahmad dofiri,PER,0.9695202
191,menke,NOR,0.66045946
191,##u,ORG,0.534209
191,purba,PER,0.36143956
191,kop,ORG,0.41073924
192,him,PER,0.5833791
192,##bara,ORG,0.45260152
192,men,NOR,0.6972963
192,##keu purba,ORG,0.6807812
193,sby,PER,0.99181926
193,jokowi,PER,0.9939855
194,menke,NOR,0.6164795
194,##u,ORG,0.4975459
194,purba,PER,0.44817927
195,menkeu,NOR,0.616939
195,purbaya,ORG,0.39412594
195,he,PER,0.9109221
196,singgung sri mulyani,PER,0.8828756
196,cia,NOR,0.5011544
196,menteri keuangan,NOR,0.9743922
196,purbaya,PER,0.73107684
197,money,ORG,0.28389394
197,purba,PER,0.8594251
197,dpr,NOR,0.967525
197,sri mulyani,PER,0.99249345
197,kemenkeu,NOR,0.949394
198,dpr,NOR,0.97659636
198,menteri keuangan,NOR,0.9478532
198,purbaya,PER,0.91726303
199,menkeu,NOR,0.80577785
199,purbaya,PER,0.49200034
200,menkeu,NOR,0.71683234
200,purba,ORG,0.32956707
201,menkeu purba,NOR,0.615307
202,ihsg,ORG,0.48208705
202,menke,NOR,0.6427007
202,##u purba,ORG,0.47124898
203,purba,PER,0.6725707
204,menkeu,NOR,0.72655654
204,purbaya,PER,0.5057428
204,pemerintah,NOR,0.9612715
205,menke,NOR,0.56275034
205,##u purba,ORG,0.51064634
207,misbakhun,PER,0.9882505
207,menkeu purba,NOR,0.73699915
208,muzakir manaf,PER,0.968183
208,menteri,NOR,0.6458202
208,purba,PER,0.57371104
209,teddy,PER,0.98611337
209,dasco,PER,0.95568347
209,purbaya,PER,0.90798235
209,mend,NOR,0.95061684
209,##agri,NOR,0.72899795
209,dpr,NOR,0.988364
210,pramono,PER,0.9655248
210,menkeu,NOR,0.6511779
210,purba,ORG,0.47804153
211,anggito abimanyu,PER,0.92144793
211,purbaya,PER,0.7138121
211,ketua dewan komisioner lps,ORG,0.73514545
212,menkeu,NOR,0.6273114
212,purba,PER,0.3462798
212,ahok,PER,0.9511642
213,purbaya,PER,0.8540567
213,bank jakarta,ORG,0.9782826
214,gubernur sumbar,NOR,0.9817393
214,menkeu,NOR,0.87194115
214,purba,PER,0.3164128
215,dirjen pajak,NOR,0.6671648
215,purba,PER,0.93166614
216,kemenkeu,NOR,0.825213
217,menkeu purba,NOR,0.718456
218,menkeu purba,NOR,0.5907911
219,menkeu purba,NOR,0.69575024
219,dedi mulyadi,PER,0.9800413
219,pemda,NOR,0.8857495
220,purba,PER,0.9701073
220,db,NOR,0.23519026
220,##h,ORG,0.20603183
221,pns,NOR,0.77457345
221,bkn,NOR,0.8040002
221,menkeu,NOR,0.6657641
221,purba,ORG,0.60323805
222,menkeu,NOR,0.6121202
222,purbaya,PER,0.3651638
223,luhut,PER,0.7916931
223,purba,PER,0.91858137
225,misbakhun,PER,0.9884472
225,menkeu purba,NOR,0.65847576
225,##ya,ORG,0.3460452
226,purba,PER,0.6260078
226,ketua komisi xi,NOR,0.93525213
227,pertamina,ORG,0.9500543
228,purbaya,PER,0.93970275
229,menkeu purba,NOR,0.80697906
229,##ya,ORG,0.42665178
229,kpk,NOR,0.89378095
229,bank himbara,ORG,0.9023604
230,men,NOR,0.64667964
230,##keu purba,ORG,0.5900257
231,him,PER,0.63462806
231,##bara,ORG,0.39510992
231,purbaya,PER,0.7279822
233,menkeu,NOR,0.7368169
233,purba,PER,0.7832854
233,tutut soeharto,PER,0.79073
233,menkeu,NOR,0.858449
235,menke,NOR,0.60088634
235,##u,ORG,0.52557254
235,purba,PER,0.33483404
236,itb,ORG,0.6321573
236,menkeu purba,NOR,0.4446118
237,bank,ORG,0.36057034
238,menke,NOR,0.65051246
239,bank,ORG,0.5425416
239,men,NOR,0.702407
239,##keu,ORG,0.54099303
239,purba,PER,0.45363894
240,menkeu purba,NOR,0.5927596
241,sri mulyani,PER,0.9917741
241,menkeu,NOR,0.6234807
241,purba,ORG,0.4552046
241,bank himbara,ORG,0.9664714
242,menkeu,NOR,0.84617275
242,purba,PER,0.4653628
242,wagub kalteng,NOR,0.8832731
243,pr,NOR,0.6880842
243,men,ORG,0.4710823
243,##ke,NOR,0.31938127
244,men,NOR,0.58987635
244,##keu,ORG,0.60000694
244,purba,PER,0.42952612
245,menke,NOR,0.59246755
245,##u purbaya,ORG,0.5366411
245,bupati lumajang,NOR,0.9566957
246,bi,ORG,0.9622536
247,cia,NOR,0.39939392
247,menkeu,NOR,0.5322074
247,purba,PER,0.5510582
248,menke,NOR,0.57724607
248,##u,ORG,0.5819955
248,pemerintah,NOR,0.89725447
248,bi,ORG,0.9283915
249,mahasiswa ui,ORG,0.9461312
249,menkeu purba,NOR,0.5941177
250,sri mulyani,PER,0.9929053
250,purba,PER,0.94545317
251,reshuffle kabinet,NOR,0.7170367
251,prabowo,PER,0.99611413
251,purbaya,PER,0.8479918
251,sri mulyani,PER,0.99191827
251,ferry juliantono,PER,0.98526335
251,budi arie,PER,0.9842366
252,menkeu,NOR,0.6885691
252,purbaya,ORG,0.46132872
252,sor,PER,0.4539265
252,##oti,ORG,0.39386287
252,lp,ORG,0.3618775
253,menkeu purba,NOR,0.60408306
253,##ya,ORG,0.5786601
254,bank himbara,ORG,0.7083674
254,purba,PER,0.96366984
254,bt,PER,0.4949143
254,##n,ORG,0.3873218
255,bank,ORG,0.8265363
255,purba,PER,0.92432135
256,seloroh purba,PER,0.957751
256,menkeu,NOR,0.59945244
256,##s,ORG,0.43225235
257,menke,NOR,0.6694982
257,##u purbaya,ORG,0.6588972
259,purbaya,PER,0.8949145
259,kdm,ORG,0.4627024
260,menkeu purba,NOR,0.72994924
261,menkeu,NOR,0.77291447
261,purba,PER,0.71439046
262,pramono,PER,0.95594466
262,menkeu,NOR,0.736981
262,purbaya,PER,0.6097232
263,pemerintah,NOR,0.9471045
263,purba,PER,0.7622961
263,bank mandiri,ORG,0.97339606
264,purba,PER,0.8808478
264,luhut,PER,0.9080775
265,ketua komisi xi dpr,NOR,0.9717263
265,sentil purbaya,PER,0.82984304
266,bahlil,PER,0.41086316
268,menkeu,NOR,0.76862353
268,menteri koboi,NOR,0.8035571
269,purbaya bantah,PER,0.8560121
269,bank,ORG,0.5199197
270,ray dalio,PER,0.9778841
271,purba,PER,0.9635058
272,menkeu,NOR,0.7068055
272,purbaya sidak,PER,0.90964854
272,bni,ORG,0.5349464
273,menkeu purba,NOR,0.72081745
273,##ya,ORG,0.31321567
274,menkeu,NOR,0.55819726
274,purba,PER,0.29193377
275,purba,PER,0.48687342
276,sri,PER,0.24517381
276,##ni,ORG,0.24019767
276,menkeu,NOR,0.8162463
276,purba,PER,0.5891921
277,menke,NOR,0.676044
277,##u purbaya,ORG,0.42928353
278,menke,NOR,0.61254823
278,##u purba,ORG,0.56162226
279,ida yulidina,PER,0.9864721
279,menkeu,NOR,0.63042647
279,purbaya,PER,0.5523457
280,menke,NOR,0.69406426
280,##u,ORG,0.59185916
280,purba,PER,0.44320455
281,men,NOR,0.4994087
281,purbaya,PER,0.7816052
281,tutut soeharto,PER,0.83071876
282,men,NOR,0.45908123
282,##keu,ORG,0.7787044
282,purba,PER,0.55233085
282,dirut bank himbara,ORG,0.927571
283,men,NOR,0.6925531
283,##keu purba,ORG,0.5523445
283,bank himbara,ORG,0.758956
284,luhut,PER,0.96500534
284,purba,PER,0.9397551
285,menkeu,NOR,0.74588996
285,purba,ORG,0.314642
286,menteri keuangan,NOR,0.94262916
286,purbaya,PER,0.8035083
286,sri mulyani,PER,0.9938545
287,menkeu,NOR,0.6372641
287,purba,PER,0.47026628
288,menke,NOR,0.704391
288,##u purbaya,ORG,0.56653607
289,bank himbara,ORG,0.9844336
289,purba,PER,0.93673706
290,kep,NOR,0.2872479
290,gubernur ansar,ORG,0.61006916
290,purba,PER,0.84495467
291,menke,NOR,0.5585611
291,##u,ORG,0.4237884
292,menke,NOR,0.63400334
292,##u,ORG,0.5144825
292,purba,NOR,0.3750878
292,dir,NOR,0.74236155
292,##ut bei,ORG,0.73562676
293,bank dunia,ORG,0.98369324
293,ri,ORG,0.5070945
293,men,NOR,0.47982848
293,##ke,ORG,0.34102002
294,purbaya,PER,0.74553084
295,doli,PER,0.8086183
296,menkeu,NOR,0.6986115
296,purba,ORG,0.5444467
297,men,NOR,0.4605519
297,##keu,ORG,0.5091344
297,purbaya,PER,0.7014601
297,anggito cs,PER,0.7645101
298,##ke,NOR,0.47676468
298,##u,ORG,0.35705572
298,purbaya,PER,0.59575933
298,pramono,PER,0.8718828
299,menkeu,NOR,0.8310016
299,purba,PER,0.64163285
299,gubernur sumbar,NOR,0.9836616
300,pramono,PER,0.9300814
300,bank himbara,ORG,0.9807405
300,bum,NOR,0.7569589
300,##d dki,ORG,0.4853598
301,bobby nasution,PER,0.9940069
302,luhut,PER,0.85226655
302,menke,NOR,0.66228765
302,##u purba,ORG,0.49815792
303,purba,PER,0.77151275
303,dirjen bea cukai,NOR,0.75237006
304,purba,PER,0.47128347
304,fl,ORG,0.54562527
305,purba,PER,0.98063666
305,el,PER,0.53535575
306,menke,NOR,0.4846778
306,##u purba,ORG,0.5240751
306,pertamina,ORG,0.94837874
307,purba,PER,0.92963195
307,dirjen anggaran,NOR,0.64525765
308,purba,PER,0.727037
309,purbaya,PER,0.82317674
310,purba,PER,0.6242213
310,tantang rocky gerung,PER,0.70380056
311,purbaya,PER,0.72122115
311,anggito,PER,0.8796387
311,ketua dk lps,ORG,0.7378907
312,ketua komisi xi,NOR,0.90707093
312,purba,PER,0.64139223
312,perb,PER,0.276798
312,##aiki coretax,ORG,0.5999058
313,menke,NOR,0.6553937
313,##u purbaya,ORG,0.6441831
313,hotman paris,PER,0.77752304
314,anggito,PER,0.855499
314,wamenkeu,ORG,0.52249044
314,lps,ORG,0.7809639
314,menkeu,NOR,0.61573875
314,purba,PER,0.66527873
315,dpr,NOR,0.9897856
316,purbaya,PER,0.89365774
316,dpr,NOR,0.9702581
317,bangga,NOR,0.76030856
317,dpr,NOR,0.9031807
317,menkeu,NOR,0.8700952
317,purba,PER,0.6222561
318,menkeu,NOR,0.55208874
318,purba,PER,0.5840542
319,guru besar uns,ORG,0.6759004
320,menke,NOR,0.5112071
320,##u,ORG,0.34879792
320,purba,PER,0.576508
321,bank himbara,ORG,0.9519107
321,tyler robinson,PER,0.9531895
322,bumn,ORG,0.676266
322,menke,NOR,0.66762507
322,##u,ORG,0.5264871
322,purba,PER,0.55077976
324,men,NOR,0.6677609
324,##keu purbaya,ORG,0.5079237
324,bank himbara,ORG,0.7571952
325,menkeu,NOR,0.71281266
325,purbaya,PER,0.5017948
325,kementerian,NOR,0.7871917
326,menkeu,NOR,0.82448936
326,sri mulyani,PER,0.9929459
326,purba,PER,0.98010683
327,menteri keuangan,NOR,0.8845063
327,purbaya puji sri mulyani,PER,0.9845272
328,purba,PER,0.71721405
328,sri mulyani,PER,0.9758506
329,purbaya,PER,0.8933486
329,sri mulyani,PER,0.9889319
330,btn,ORG,0.8442745
330,pemerintah,NOR,0.9525206
330,menkeu,NOR,0.7760294
330,purbaya,ORG,0.47639203
331,purbaya,PER,0.88064134
331,bank himbara,ORG,0.9727203
332,bank bjb,ORG,0.95839924
332,purba,PER,0.5215511
332,himbara,PER,0.5409814
332,kemenkeu,NOR,0.68859214
333,seskab teddy,ORG,0.66067076
334,menke,NOR,0.60473526
334,##u,ORG,0.46947917
334,purbaya,PER,0.58012354
334,lps,ORG,0.5413119
335,menke,NOR,0.53532624
335,##u,ORG,0.429102
335,purba,PER,0.6128281
336,anggito abimanyu,PER,0.96289235
336,ketua lps,ORG,0.70297575
336,purbaya,PER,0.7595025
337,purbaya,PER,0.9475415
337,anggito abimanyu,PER,0.90744805
337,lps,ORG,0.70342976
337,kemenkeu,NOR,0.8279571
338,pemda,NOR,0.95759547
338,menkeu purba,NOR,0.71265775
339,menkeu,NOR,0.66602135
339,purba,PER,0.35377198
340,pramono,PER,0.84100574
341,menke,NOR,0.71862686
341,##u purbaya,ORG,0.5294909
341,pemerintah,NOR,0.78210783
341,bank jakarta,ORG,0.93954897
342,menkeu,NOR,0.70220023
342,purba,PER,0.66965026
342,temui,PER,0.6929125
342,pramono,PER,0.83638775
343,purbaya sidak,PER,0.69057333
343,bank mandiri,ORG,0.9899977
344,menkeu,NOR,0.7051141
345,purba,PER,0.68380165
346,bah,PER,0.4746783
346,##lil,ORG,0.29591796
346,menteri koboi,NOR,0.79509264
346,purba,PER,0.43114206
347,bahlil,PER,0.90809715
348,purbaya,PER,0.9746916
348,airlangga,PER,0.9886974
348,kantor danantara,ORG,0.9156713
349,purbaya,PER,0.69452727
350,menkeu purba,NOR,0.76888716
351,pemda,NOR,0.6242039
352,dpr,NOR,0.9862899
352,anggito abimanyu,PER,0.94434386
352,ketua,NOR,0.6218434
352,dewan komisioner lps,ORG,0.6596668
352,purba,PER,0.92624444
353,menkeu,NOR,0.71262056
353,purba,PER,0.5130509
354,purba,PER,0.8457386
355,menkeu,NOR,0.6836608
355,purba,ORG,0.51249343
356,bos bi sambut,ORG,0.58853203
356,men,NOR,0.5717664
356,##keu,ORG,0.5524285
356,purba,PER,0.54177564
356,##ya,ORG,0.43808815
356,him,PER,0.61275345
357,menkeu purba,NOR,0.5831517
357,##ya,ORG,0.49483383
358,purba,PER,0.85303247
358,dirut bank,ORG,0.72886515
359,zulhas,PER,0.9749325
359,purbaya,PER,0.708679
359,kop,ORG,0.26194376
360,bsi,ORG,0.8625573
360,menkeu,NOR,0.66662806
360,purba,ORG,0.5968696
361,plus,PER,0.48483503
361,minus,PER,0.7227949
361,menke,NOR,0.60458434
361,##u,ORG,0.54724383
361,purbaya,PER,0.3861343
361,bank himbara,ORG,0.9825924
362,jokowi,PER,0.99516934
362,pak purbaya mahzabn,PER,0.8164751
362,sri mulyani,PER,0.9917097
363,menke,NOR,0.39135867
363,##u,ORG,0.43962732
363,purba,PER,0.43888852
363,ri,PER,0.4042868
364,menkeu,NOR,0.62858343
364,purba,PER,0.29745346
365,menke,NOR,0.711672
365,##u purbaya,ORG,0.47359407
366,menteri keuangan,NOR,0.88322735
366,purbaya,PER,0.5192137
367,res,NOR,0.7419704
367,##ffle kabinet,NOR,0.635113
367,prabowo,PER,0.96614563
367,singgung sri mulyani,PER,0.9131565
367,purba,PER,0.9676449
368,menkeu,NOR,0.46201482
368,purba,PER,0.3807284
369,sri mulyani,PER,0.99340206
369,menkeu,NOR,0.69957227
369,purba,PER,0.9232297
369,presiden,PER,0.43131387
370,bank bumn,ORG,0.89236236
370,menke,NOR,0.63300586
370,##u purba,ORG,0.52644134
371,purba,PER,0.88791084
372,men,NOR,0.66776353
372,##keu purba,ORG,0.55055285
373,menkeu purba,NOR,0.66865045
374,men,NOR,0.6279556
374,##keu purbaya,ORG,0.6518832
375,bank,ORG,0.7556026
375,men,NOR,0.50408584
375,##keu purba,ORG,0.7061644
376,men,NOR,0.5464417
376,##u,ORG,0.4915086
376,purba,PER,0.65372854
377,menke,NOR,0.46466333
377,##u,ORG,0.45590916
378,menke,NOR,0.48185158
378,##u,ORG,0.47085533
378,purba,PER,0.6001169
379,menkeu,NOR,0.64971626
379,purba,PER,0.7970088
379,sidak bank bumn,ORG,0.5650648
380,purba,PER,0.6062483
381,menkeu,NOR,0.62626487
382,menkeu,NOR,0.5175051
382,jokowi,PER,0.9960127
382,sri mulyani,PER,0.9929156
383,menkeu,NOR,0.61166686
383,purba,PER,0.7950416
383,dpr,NOR,0.9873338
384,purba,PER,0.803939
384,men,NOR,0.4867144
384,sri mulyani,PER,0.9952111
386,menkeu,NOR,0.6742006
386,purba,PER,0.4312061
386,ahok,PER,0.9356609
387,meteor,PER,0.4196058
387,luhut,PER,0.8621795
388,prabowo,PER,0.99567956
388,sapa dedi mulyadi,PER,0.8070458
388,menkeu purba,NOR,0.7723588
389,hotman paris,ORG,0.86408836
389,men,NOR,0.60753447
389,##keu purba,ORG,0.55775833
390,hotman paris,PER,0.6312538
390,purba,PER,0.9405451
392,bg,ORG,0.33498496
393,qodari,PER,0.9599988
393,purba,PER,0.7054491
394,purba,PER,0.9258373
394,dirut bank,ORG,0.8440337
395,men,NOR,0.5566318
395,##keu purba,ORG,0.4671599
398,purba,PER,0.9538747
399,dpr,NOR,0.9883096
399,menkeu,NOR,0.90459853
399,purba,PER,0.6437271
400,hotman paris,ORG,0.9354462
402,anggito abimanyu,PER,0.9638786
402,lps,ORG,0.8933187
402,purbaya,PER,0.81970716
403,menkeu,NOR,0.7162073
403,purba,PER,0.5761095
403,satgas blbi,ORG,0.69823647
404,menkeu,NOR,0.60970813
404,purba,PER,0.6832895
404,prabowo,PER,0.9957676
405,men,NOR,0.5218048
405,sby,PER,0.99509144
405,jokowi,PER,0.994477
406,menkeu,NOR,0.59325415
406,purba,PER,0.530815
407,ekonom ui,ORG,0.8775531
407,purba,PER,0.92302203
408,men,NOR,0.521103
408,##u,ORG,0.35995165
409,purba,PER,0.93786293
409,dirjen pajak,NOR,0.9202554
410,purba,PER,0.6708657
411,purbaya,PER,0.87843555
411,coreta,ORG,0.301719
412,dirjen kemenkeu,NOR,0.8909863
412,purbaya,PER,0.8313259
413,tut,NOR,0.4232194
413,soeharto,PER,0.8073613
413,menkeu,NOR,0.7361097
413,purba,PER,0.5462407
414,purbaya,PER,0.8974209
414,lps,ORG,0.60614395
415,purba,PER,0.9443975
415,indef,PER,0.7836866
416,purbaya,PER,0.9450283
416,menke,NOR,0.4803893
416,##u,ORG,0.39019263
417,sri mulyani,PER,0.9957848
417,menkeu,NOR,0.7095626
417,menteri,NOR,0.73185116
417,purba,PER,0.6410107
418,purba,PER,0.9343607
418,gu,PER,0.7926763
418,miki,PER,0.6205441
419,purba,PER,0.9586598
419,##sg,ORG,0.5460955
420,purbaya,PER,0.7778013
420,bei,ORG,0.8589576
422,mahfud md puji purbaya,PER,0.96625596
423,full,PER,0.37984517
423,pramono,PER,0.4377041
423,purba,PER,0.83149284
424,bi,ORG,0.4000107
425,menkeu,NOR,0.6386171
425,purba,PER,0.51075286
425,kepala bgn,ORG,0.8709758
426,menkeu,NOR,0.6974273
426,pemerintah,NOR,0.9811164
427,menkeu,NOR,0.5318089
427,purba,PER,0.6111326
427,sumitronomics,ORG,0.76193523
428,duet,PER,0.69855946
428,purbaya,PER,0.6251972
428,airlangga,PER,0.97896284
430,purba,PER,0.5193118
430,dana,ORG,0.44369328
431,pramono,PER,0.8939657
432,purba,PER,0.71905845
432,gubernur,NOR,0.58627164
433,menkeu,NOR,0.63147396
433,purba,ORG,0.33710426
434,bank jakarta,ORG,0.9567238
434,men,NOR,0.64829963
434,##keu purba,ORG,0.5916376
435,men,NOR,0.5355241
435,##keu purba,ORG,0.54251856
436,purba,PER,0.8210416
437,menke,NOR,0.6548132
437,##u purba,ORG,0.48710042
438,##bn 202,ORG,0.3227759
438,menkeu,NOR,0.87318844
438,purbaya,PER,0.47372264
438,dpr,NOR,0.9660031
439,men,NOR,0.7525143
439,##keu purbaya,ORG,0.46875247
439,dirut bank pusing,ORG,0.8202116
440,seto,PER,0.8026962
440,lalu berguma,PER,0.78040105
440,##keu,ORG,0.48372215
440,purba,PER,0.3702023
441,men,NOR,0.61978734
441,##keu purba,ORG,0.6674139
441,celios,PER,0.9146071
442,menke,NOR,0.65849507
442,##u,ORG,0.49926543
442,purba,PER,0.41365543
442,pemerintah,NOR,0.47582725
443,menkeu,NOR,0.7235389
443,purba,PER,0.27913052
444,purbaya,PER,0.72577417
445,dedi mulyadi,PER,0.98910123
445,purba,PER,0.9651398
446,purbaya,PER,0.6818063
446,pramono,PER,0.8437418
447,bah,PER,0.4777158
448,ray dalio,PER,0.7856226
448,purba,PER,0.9301917
449,dpr,NOR,0.9869669
449,menkeu purba,NOR,0.80604345
449,pertamina,ORG,0.87590957
450,menkeu purba,NOR,0.76888716
451,##keu,NOR,0.5133997
451,ketua banggar dpr,NOR,0.90072
451,said abdullah,PER,0.98369414
452,purba,PER,0.7970135
453,purbaya,PER,0.78873694
453,dirut bank pusing,ORG,0.73921615
454,full,PER,0.4840723
454,menkeu,NOR,0.6369172
454,purbaya,PER,0.71106684
454,sri mulyani,PER,0.99465793
455,dpr,NOR,0.82686245
455,menkeu purba,NOR,0.7433004
456,menkeu,NOR,0.7414811
456,purbaya,PER,0.5773913
456,anggota,NOR,0.53432643
456,dpr,NOR,0.7530972
457,menkeu purba,NOR,0.6395834
458,menkeu,NOR,0.7475732
458,purbaya,PER,0.6889168
458,prabowo,PER,0.9882776
458,sri mulyani,PER,0.99168706
459,purba,PER,0.5543908
459,bank himbara,ORG,0.9821487
460,purba,PER,0.90600014
460,lo,PER,0.91442317
461,ahok,PER,0.73504597
462,dirjen pajak,NOR,0.6671648
462,purba,PER,0.93166614
464,gubernur,NOR,0.6267411
465,bangun bank jakarta,ORG,0.9868991
465,scbd,ORG,0.85540706
465,purbaya,PER,0.7242462
465,kemenkeu,NOR,0.5491224
466,bahlil,PER,0.41086316
467,erick thohir,PER,0.99482185
467,men,NOR,0.6397649
467,##keu purba,ORG,0.6111195
468,menke,NOR,0.51249045
468,##u,ORG,0.45663133
468,sumitronomics,ORG,0.7309452
468,prabowo,PER,0.9882003
469,menkeu,NOR,0.84102964
469,purbaya,PER,0.3495974
469,himbara,PER,0.88363254
470,prabowo,PER,0.9968957
470,menkeu purba,NOR,0.70290464
470,kementerian,NOR,0.6433792
471,purba,PER,0.9737654
471,singg,PER,0.8572626
471,menke,PER,0.43358916
471,bank himbara,ORG,0.9082239
472,menkeu,NOR,0.8063778
472,purba,PER,0.75774044
472,prabowo,PER,0.99305856
472,dpr,NOR,0.9668363
473,menke,NOR,0.663404
474,menke,NOR,0.47883016
474,##u,ORG,0.42804366
474,purba,PER,0.62547064
475,menkeu,NOR,0.5665464
475,purba,PER,0.854731
475,sby,PER,0.98006976
475,jokowi,PER,0.9943364
476,menkeu purba,NOR,0.70922697
476,##ya,ORG,0.50620383
477,menke,NOR,0.58428645
477,##u,ORG,0.4642264
477,purba,PER,0.5560057
477,prabowo,PER,0.9922122
478,menkeu,NOR,0.7613676
478,purba,PER,0.677023
478,kemenkes,NOR,0.8317065
479,men,NOR,0.5102401
479,##keu,ORG,0.58296585
479,purbaya,PER,0.6399838
479,anggito cs,PER,0.6974642
480,purba,PER,0.86297756
481,luhut,PER,0.93685466
481,##g,ORG,0.3869654
481,menkeu,NOR,0.7036178
481,purba,PER,0.39550456
482,basuki,PER,0.9968081
482,menkeu purba,NOR,0.7485923
482,##ya,ORG,0.5872071
483,rocky ger,PER,0.85350597
483,kasi,PER,0.39349753
483,purba,PER,0.89093924
484,purba,PER,0.8861007
485,full,PER,0.6695528
485,],PER,0.26150265
485,qodari,PER,0.90161103
485,men,NOR,0.6806574
485,##keu,ORG,0.4984549
485,purbaya,PER,0.6061317
485,sri mulyani,PER,0.9824119
486,menkeu,NOR,0.7000851
486,purbaya,PER,0.74902314
486,direksi,NOR,0.33032182
486,bank bumn,ORG,0.79862964
486,golf,ORG,0.5176343
487,prabowo,PER,0.99719465
487,menkeu purba,NOR,0.7366502
487,kementerian,NOR,0.57936335
488,dpr,NOR,0.97659636
488,menteri keuangan,NOR,0.9478532
488,purbaya,PER,0.91726303
489,men,NOR,0.7002119
489,##keu,ORG,0.6362635
489,purbaya,PER,0.63117564
489,bem ui,ORG,0.9448041
490,puji sri mulyani,PER,0.9820999
490,menkeu,NOR,0.8695938
490,purbaya,PER,0.80349946
490,kemenkeu,NOR,0.8654087
491,menkeu,NOR,0.7023522
491,purba,PER,0.42538482
492,menke,NOR,0.6255011
492,##u purbaya,ORG,0.55612874
493,bank jakarta - jatim,ORG,0.87869656
493,purba,PER,0.9630527
494,menkeu,NOR,0.6680818
494,purbaya,PER,0.6838412
494,pramono,PER,0.9087931
494,bank himbara,ORG,0.9370323
494,bum,NOR,0.46372885
494,##d jakarta,ORG,0.47548717
495,purbaya sidak,PER,0.69057333
495,bank mandiri,ORG,0.9899977
497,purba,PER,0.73292667
498,purbaya ancam sidak bank,ORG,0.7360226
500,menkeu,NOR,0.56345254
500,wni,ORG,0.5559249
501,purbaya,PER,0.82465696
502,rocky gerung,PER,0.8691411
502,purbaya,PER,0.7278436
502,jokowi,PER,0.9272545
503,sby,PER,0.99181926
503,jokowi,PER,0.9939855
504,##keu,NOR,0.55244184
504,purbaya,PER,0.7628703
505,menkeu,NOR,0.7388752
505,purba,PER,0.28683642
505,lps,ORG,0.5894636
506,menkeu purba,NOR,0.6234226
506,##ya,ORG,0.34248388
506,sri mulyani,PER,0.991739
507,purbaya,PER,0.90648043
507,prabowo,PER,0.99116665
507,##keu,NOR,0.6052823
507,sri mulyani,PER,0.99382824
508,purba,PER,0.93841183
509,purba,PER,0.9356074
510,purba,PER,0.96024454
511,pemerintah,NOR,0.92397517
512,purbaya,PER,0.8331145
513,pemerintah,NOR,0.9176712
513,purba,PER,0.9428538
514,##ki pesantren,ORG,0.48141974
515,purba,PER,0.8513164
515,daerah,ORG,0.680997
515,ojk,ORG,0.87004
517,purbaya,ORG,0.514531
517,jami,PER,0.49306434
517,##n,ORG,0.67545867
518,dpr,NOR,0.98550713
518,pemda,NOR,0.9337265
519,satgas blbi,ORG,0.7656114
520,men,NOR,0.5578163
520,##keu purba,ORG,0.66871864
520,btn,ORG,0.9350835
521,prabowo,PER,0.99703443
522,202,PER,0.32102922
524,purbaya,PER,0.8524163
524,bank bumn,ORG,0.938477
525,purba,PER,0.87391686
526,bp,NOR,0.31942543
526,purba,PER,0.99099356
527,purba,PER,0.87638944
527,btn,ORG,0.68046874
528,gubernur,NOR,0.68184626
529,purba,PER,0.5022365
529,ih,PER,0.8265089
529,##s,ORG,0.24925585
531,purba,PER,0.9730047
531,gu,PER,0.8547888
533,purba,PER,0.924359
533,pasar modal,ORG,0.5979067
534,purba,PER,0.8483142
535,purbaya,PER,0.7497083
537,purba,PER,0.7895547
538,purba,PER,0.89771396
538,bpd,NOR,0.6267643
538,ojk,ORG,0.7855622
539,purba,PER,0.9857787
539,bp,NOR,0.62631017
539,kesehatan,NOR,0.3097338
540,purba,PER,0.664312
540,seskab tedy,ORG,0.53003216
541,purbaya,PER,0.85467553
541,bp,NOR,0.5467837
543,menke,NOR,0.57868946
544,bos,ORG,0.5895053
544,semp,PER,0.6076551
544,purba,PER,0.42457694
545,lps,ORG,0.9461659
545,anggito abimanyu,PER,0.85585934
545,menke,NOR,0.55668336
545,##u,ORG,0.4087786
545,purba,PER,0.7788318
547,purbaya wanti,PER,0.91155267
547,bank bumn,ORG,0.65604526
548,menke,NOR,0.5965812
548,##u purba,ORG,0.5032227
548,pt kertas leces,ORG,0.9728762
549,purba,PER,0.8265234
550,purba,PER,0.6313266
551,bank dunia,ORG,0.982744
551,ri,NOR,0.47800565
551,purba,PER,0.98506945
552,menkeu,NOR,0.6447832
552,purba,PER,0.34148163
552,##ya,ORG,0.5239697
552,ojk,ORG,0.845211
552,ppat,ORG,0.520137
553,prabowo,PER,0.9936986
553,anggito abimanyu,PER,0.91759783
553,lps,ORG,0.83904886
553,purba,PER,0.9426847
554,gubernur sulsel,NOR,0.98520094
554,menkeu purba,NOR,0.7215604
556,purba,PER,0.9513793
556,anggito abimanyu,PER,0.9774778
556,ketua,NOR,0.6322192
556,dewan komisioner lps,ORG,0.65262365
557,purba,PER,0.8779237
557,bursa geg,ORG,0.528198
558,das,PER,0.66284144
558,purbaya,PER,0.87816226
558,prasetyo,PER,0.97317415
558,tito,PER,0.9768142
558,dpr,NOR,0.98746234
559,men,NOR,0.5801622
559,##keu purba,ORG,0.5221425
560,menkeu,NOR,0.65929693
560,purba,PER,0.70136243
560,direktorat jenderal pajak,NOR,0.62056965
561,purba,PER,0.94861114
562,anggito,PER,0.9187044
562,purba,PER,0.92839783
563,pramono,PER,0.74657106
564,mendagri,NOR,0.94353807
564,purba,PER,0.56714576
565,gubernur,NOR,0.5542244
565,kantor purbaya,ORG,0.61836666
567,purba,PER,0.6708798
567,lps,ORG,0.849851
568,purba,PER,0.87804854
568,bi,ORG,0.8469313
570,purbaya,PER,0.90299815
571,pertamina,ORG,0.974643
573,gubernur,NOR,0.61572784
573,menkeu,NOR,0.5135837
573,purba,PER,0.48522878
574,purba,PER,0.9666171
575,gubernur,NOR,0.70719784
575,purbaya,PER,0.7968782
576,gubernur,NOR,0.47360855
576,purba,PER,0.93819535
577,gubernur,NOR,0.5106809
578,pertamina,ORG,0.8533631
579,purba,PER,0.9271434
579,sri mulyani,PER,0.9869749
580,gubernur aceh,NOR,0.96531475
581,purba,ORG,0.45094118
582,bobby nasution,PER,0.98170704
583,purba,PER,0.5009542
584,purba,PER,0.7205214
585,purba,PER,0.58198225
586,ojk,ORG,0.89902484
586,##bd,ORG,0.5245233
586,bank jakarta,ORG,0.9043978
587,bank mandiri,ORG,0.9893466
587,purba,PER,0.65621346
588,purbaya ogah,PER,0.9451349
588,menteri,NOR,0.56465065
589,purbaya,PER,0.91993594
589,dedi mulyadi,PER,0.98249173
590,bank jakarta &,ORG,0.95074123
590,bank jatim,ORG,0.76909876
591,purba,PER,0.39743218
592,purba,PER,0.8491871
592,pramono,PER,0.7631095
593,bobby nasution,PER,0.9950784
593,##ya,ORG,0.6844479
594,pramono,PER,0.9458561
594,bank,ORG,0.65960944
594,bumd dki,NOR,0.54988223
595,purba,PER,0.5459473
595,sidak bank mandiri,ORG,0.78133774
598,purba,PER,0.9813968
599,bank bumn,ORG,0.5475644
600,luhut,PER,0.89977884
600,purba,PER,0.952449
601,purba,PER,0.8425034
601,prabowo,PER,0.98009974
602,purbaya,PER,0.8491771
602,dik,NOR,0.5178166
602,##te bank bumn,ORG,0.64383507
603,purba,PER,0.50261277
604,luhut,PER,0.8841274
605,purba,PER,0.96854085
606,luhut,PER,0.9538017
606,purba,PER,0.8948466
607,basuki,PER,0.9893054
607,purba,PER,0.673545
608,purba,PER,0.91575533
608,basuki,PER,0.993954
609,purba,PER,0.8345376
610,mens,NOR,0.5090313
610,pemda,NOR,0.93540657
612,menkeu purbaya,ORG,0.55077773
613,luhut,PER,0.83609515
613,mbg,ORG,0.44971418
613,purba,PER,0.96642345
614,menkeu,NOR,0.82434916
614,australia,ORG,0.48896372
614,puji,PER,0.7738108
614,kang,PER,0.5777509
614,##aroo bond,PER,0.329586
615,purba,PER,0.40133402
616,purbaya,PER,0.68386734
616,basuki,PER,0.994224
616,ik,ORG,0.2619396
616,kemensetneg,NOR,0.81063926
617,pemerintah,NOR,0.96440613
618,purba,PER,0.89084935
619,purba,PER,0.73488414
620,purba,PER,0.97867566
621,men,NOR,0.62220097
622,menkeu purba,NOR,0.77412426
622,basuki,PER,0.99338174
624,purbaya,PER,0.83009005
625,men,NOR,0.7389959
625,##keu purbaya,ORG,0.6176919
627,purbaya,PER,0.65713084
629,purba,PER,0.9335432
630,airlangga,PER,0.97828203
630,purbaya,PER,0.87711227
630,yassierli,PER,0.96999013
630,danantara,ORG,0.5986252
631,purba,PER,0.85671675
631,menak,PER,0.68574256
634,purbaya,PER,0.71691763
635,ray dalio,PER,0.9781324
635,purba,PER,0.91359895
635,##to,ORG,0.3149052
636,purba,PER,0.90404975
638,bahlil,PER,0.4981967
640,purbaya sidak,PER,0.71054035
640,kantor bni,ORG,0.83016616
642,kemenperin,NOR,0.9161384
642,happy purbaya,PER,0.9123815
644,asosiasi e - commerce happy purbaya,ORG,0.96510834
645,bahlil tuding purba,PER,0.6364959
646,ketua komisi xi dpr,NOR,0.96999085
646,purba,PER,0.97920996
647,bahlil,PER,0.3131576
647,purba,PER,0.5860382
648,bahlil duga purba,PER,0.76711285
649,menkeu,NOR,0.64542115
649,purba,PER,0.6020107
649,bahlil,PER,0.9216145
650,menkeu,NOR,0.795499
650,purbaya,PER,0.5091454
651,men,NOR,0.5023395
651,##keu purba,ORG,0.68746775
652,purba,PER,0.884967
652,bahlil,PER,0.86832404
653,men,NOR,0.5979101
653,##keu purbaya,ORG,0.6758796
654,purbaya,PER,0.71979964
655,men,NOR,0.5203111
655,##u purba,ORG,0.4510696
656,purba,PER,0.9307362
657,purbaya,PER,0.84554774
658,asosiasi e - commerce,ORG,0.79179853
660,men,NOR,0.55882627
660,##keu,ORG,0.51800036
661,pemerintah,NOR,0.84195787
662,purbaya bantah,PER,0.93324596
662,bank bumn,ORG,0.66998494
663,sri mulyani,PER,0.99162555
663,purba,PER,0.816115
663,kemenkeu,NOR,0.8683557
664,menkeu,NOR,0.7172022
664,purba,PER,0.4104124
664,dpr,NOR,0.96957135
666,purba,PER,0.59745604
666,ri,NOR,0.63682276
667,purba,PER,0.89717406
668,purba,PER,0.697802
669,purba,PER,0.45856273
669,bank bumn,ORG,0.7863414
670,kemenperin,NOR,0.79989976
671,petani,ORG,0.65290827
673,purbaya,PER,0.75641215
673,kemenkeu,NOR,0.90093046
674,sri mulyani,PER,0.9793171
675,purba,PER,0.83935595
675,##g,ORG,0.23098125
676,purba,PER,0.80924404
677,purba,PER,0.74785304
678,menteri,NOR,0.41560218
678,purba,PER,0.48208922
679,prabowo,PER,0.9948666
679,ahy,PER,0.7365295
679,purba,PER,0.77397233
680,men,NOR,0.44749525
680,##keu,ORG,0.57883763
682,men,NOR,0.6477103
683,##keu,ORG,0.5727086
683,purba,PER,0.73046035
683,##ya,ORG,0.5375578
683,yudhi sadewa,PER,0.90513664
683,sri mulyani,PER,0.99301696
684,luhut,PER,0.88734514
684,sri mulyani,PER,0.99207777
684,purbaya,PER,0.95184416
684,menteri keuangan,NOR,0.9280383
685,purbaya yudhi sadewa,PER,0.8611104
685,prabowo,PER,0.99769837
686,menkeu,NOR,0.5385168
686,cia,NOR,0.23256257
687,menke,NOR,0.6610619
687,cia,NOR,0.25618795
688,luhut,PER,0.7396081
688,purba,PER,0.67117023
688,sri mulyani,PER,0.98396057
689,menkeu,NOR,0.78570575
689,purbaya,PER,0.7044229
689,prabowo,PER,0.9938525
689,dpr,NOR,0.96179605
690,purbaya,PER,0.85861075
691,andi arief,PER,0.9965749
691,menkeu,NOR,0.75752324
691,purba,PER,0.33461353
692,menkeu,NOR,0.72888017
692,purba,PER,0.5141179
693,purba,PER,0.95714027
693,##keu,NOR,0.55910325
694,purbaya yudhi sadewa,PER,0.8922801
694,prabowo,PER,0.99789387
695,purbaya,PER,0.89062357
696,purbaya,PER,0.8879241
696,sri mulyani,PER,0.97242624
697,purbaya,PER,0.69572866
698,purba,PER,0.4766759
699,purba,PER,0.9250711
700,purba,PER,0.9543387
701,menke,NOR,0.58251464
701,##u,ORG,0.45823547
701,purba,PER,0.70878077
702,menkeu,NOR,0.6604576
702,purbaya,PER,0.5917785
702,prabowo,PER,0.98921025
703,ketua mui,NOR,0.9165772
703,menkeu purba,NOR,0.6074189
704,purbaya yudhi,PER,0.8109589
704,sri mulyani,PER,0.9938324
705,purbaya,PER,0.9535471
705,kemenkeu,NOR,0.8639191
705,prabowo,PER,0.9941268
705,sri mulyani,PER,0.988118
706,purbaya yudhi sadewa,PER,0.9719179
707,purbaya yudhi sadewa,PER,0.9543738
707,menteri keuangan,NOR,0.9616277
707,sri mulyani,PER,0.9954731
708,ulama jatim,ORG,0.6330383
708,men,NOR,0.60555047
708,##u,ORG,0.41950348
708,purba,PER,0.399704
709,purba,PER,0.84096307
710,purba,PER,0.902754
711,menkeu,NOR,0.6436147
711,purba,PER,0.47540572
712,purbaya yudhi sadewa,PER,0.9710679
712,sri mulyani,PER,0.9899607
712,menteri keuangan,NOR,0.9431977
713,men,NOR,0.5102634
713,purba,PER,0.6653848
714,sri mulyani,PER,0.9940888
714,purbaya,PER,0.9393935
714,lps,ORG,0.83483106
715,menkeu,NOR,0.65522
715,purba,PER,0.9893138
716,menke,NOR,0.5682485
716,##u,ORG,0.41790238
717,menkeu,NOR,0.76515967
717,purbaya,PER,0.5340454
718,purbaya yudhi sadewa,PER,0.9543738
718,menteri keuangan,NOR,0.9616277
718,sri mulyani,PER,0.9954731
719,purba,PER,0.86131513
719,sby,PER,0.991385
719,prabowo,PER,0.986655
720,demokrat,NOR,0.9840136
720,men,NOR,0.48520213
721,ihsg,ORG,0.4642831
721,sri mulyani,PER,0.9784358
721,purba,PER,0.41249326
722,purbaya,PER,0.83069795
723,menkeu,NOR,0.6554597
723,purba,ORG,0.30472177
725,purbaya,PER,0.7173626
727,purbaya yudhi sadewa,PER,0.90619797
727,sri mulyani,PER,0.9949359
728,sri mulyani,PER,0.9915938
728,menkeu,NOR,0.86500216
728,purbaya,PER,0.7253909
729,sri mulyani,PER,0.99602383
729,menkeu,NOR,0.69412136
729,purba,PER,0.8391248
730,menkeu,NOR,0.8833878
730,purba,PER,0.4246601
731,kelak,PER,0.6270083
731,##ar purbaya,PER,0.6043455
731,menkeu,NOR,0.60681576
732,menkeu,NOR,0.6415017
733,purba,PER,0.66850907
734,purbaya yudhi sadewa,PER,0.9543738
734,menteri keuangan,NOR,0.9616277
734,sri mulyani,PER,0.9954731
735,menke,NOR,0.5077909
735,##u,ORG,0.51911306
735,purba,PER,0.6742917
736,sri mulyani,PER,0.98786324
736,purbaya,PER,0.76218736
736,yudhi sadewa,PER,0.8799027
737,purbaya yudhi sadewa,PER,0.984217
737,menkeu,NOR,0.83631444
737,sri mulyani,PER,0.9887951
738,purba,PER,0.82316566
738,yudhi sadewa,PER,0.9469813
739,purbaya,PER,0.6973849
739,sri mulyani,PER,0.9908417
740,menkeu,NOR,0.76039475
740,dpr,NOR,0.98642933
741,purba,PER,0.9738728
742,purbaya,PER,0.9291471
742,##keu,NOR,0.5293222
743,purbaya yudhi,PER,0.9646651
743,dewan komisioner lps,ORG,0.5867931
743,sri mulyani,PER,0.99596554
744,menke,NOR,0.47481883
744,##u,ORG,0.47875702
744,purba,PER,0.40316278
746,purba,PER,0.9446724
746,menkeu,NOR,0.83874726
748,purbaya,PER,0.86835563
748,prabowo,PER,0.9901025
748,bank,ORG,0.5176262
749,pr,NOR,0.69296753
749,men,ORG,0.38442636
749,##ke,NOR,0.57573473
749,##u,ORG,0.5362241
749,purba,PER,0.450187
750,airlangga,PER,0.99003136
750,bi,ORG,0.7457963
750,hadir,PER,0.7955093
750,menkeu,NOR,0.6990184
750,purba,PER,0.8525957
751,sri mulyani,PER,0.9787938
751,purbaya yudhi sadewa,PER,0.90449554
752,sri mulyani,PER,0.9013466
752,purbaya yudhi sadewa,PER,0.8850698
753,purdue university,ORG,0.8803048
753,men,NOR,0.4471079
753,##keu purbaya,ORG,0.5047024
754,ferry,PER,0.99689686
754,purba,PER,0.87492913
755,sumitronomics,ORG,0.7203032
756,purba,PER,0.8271823
756,rocky,PER,0.97942
758,purba,PER,0.47339597
758,menkeu,NOR,0.5970742
759,sri mulyani,PER,0.98923224
759,menkeu,NOR,0.85412645
759,purbaya yudhi,PER,0.97304714
760,##nom,ORG,0.4889622
761,djarum,ORG,0.9806495
761,gudang garam,ORG,0.9415076
761,purba,PER,0.98270434
763,plt bos lps,ORG,0.766829
763,purba,PER,0.9858802
764,anggito abimanyu,PER,0.9643853
764,ketua lps,ORG,0.7676291
764,purba,PER,0.96218777
765,purbaya want,PER,0.83964235
766,prabowo,PER,0.99321026
766,purba,PER,0.98742676
767,menke,NOR,0.6639554
767,##u,ORG,0.4817471
767,purba,PER,0.8468722
768,purbaya,PER,0.73617625
768,rocky gerung,PER,0.6994137
769,bos bgn,ORG,0.68138105
769,purba,PER,0.986166
771,##u,ORG,0.49728492
771,purba,PER,0.68481535
772,pns,ORG,0.5901304
773,purba,PER,0.85172665
774,kala,PER,0.58019394
774,purba,ORG,0.37084076
774,##ty,ORG,0.28641993
775,prabowo,PER,0.9972344
776,purba,PER,0.5891795
777,anggito,PER,0.92964786
777,ketua lps,ORG,0.747443
777,purba,PER,0.9750158
777,wamenkeu,ORG,0.84571886
778,ketua banggar,NOR,0.5822457
778,dpr,NOR,0.8343795
778,##ke,NOR,0.3186138
778,purba,PER,0.85074824
779,purba,PER,0.93557805
779,kepala bgn,ORG,0.8811303
780,hot,PER,0.7964171
780,##man,ORG,0.4348776
780,paris,PER,0.49538806
781,purbaya,PER,0.8722817
781,amnesty,ORG,0.39808363
782,menkeu,NOR,0.79125357
782,dpr,NOR,0.98720855
783,purbaya,PER,0.86800385
784,dpr,NOR,0.98071563
785,menkeu purba,NOR,0.66963404
785,##ya,ORG,0.38423628
786,menkeu purba,NOR,0.6424958
786,##ya,ORG,0.40738618
787,dpr,NOR,0.8172665
787,purba,PER,0.8273661
788,purba,PER,0.7854686
788,sri mulyani,PER,0.99199444
789,menke,NOR,0.74249256
789,##u,ORG,0.48664248
789,purba,PER,0.647151
789,kemenkeu,NOR,0.76689464
790,purba,PER,0.5900892
791,tokoh,NOR,0.7448005
791,nu jatim,NOR,0.5440342
791,menkeu,NOR,0.747267
791,purba,PER,0.40133905
792,dpr,NOR,0.964736
792,purbaya,PER,0.7420638
792,prabowo,PER,0.99669987
793,purba,PER,0.85963494
793,prabowo,PER,0.98678243
793,sri mulyani,PER,0.99315387
794,menke,NOR,0.49743578
794,##u,ORG,0.49271467
794,purba,PER,0.28326204
796,s1 teknik elektro,ORG,0.5252982
796,menkeu,ORG,0.5858348
796,purba,PER,0.7569402
796,sri mulyani,PER,0.9864161
797,menkeu,NOR,0.6314692
797,purba,PER,0.5053773
797,prabowo,PER,0.9958851
797,bank,ORG,0.5086497
798,purba,PER,0.9483244
800,purba,PER,0.96504766
801,purba,PER,0.83039445
802,purbaya,PER,0.71854293
803,menke,NOR,0.5910597
803,##u purba,ORG,0.41794935
803,sri mulyani,PER,0.99378777
804,mek,PER,0.52427375
804,##u,NOR,0.3087089
805,purbaya,PER,0.7413169
805,ketua lps,ORG,0.7291727
805,menkeu,NOR,0.56667525
807,menke,NOR,0.5715723
807,##u,ORG,0.40879974
807,purba,PER,0.47835132
808,purbaya yudhi sadewa,PER,0.92872024
809,purba,PER,0.95045173
810,purba,PER,0.48713613
810,trump,PER,0.87286544
810,cs,ORG,0.3215011
811,sri mulyani,PER,0.99440795
811,menkeu purba,NOR,0.75298685
811,sby,PER,0.99092555
811,jokowi,PER,0.99358267
813,prabowo,PER,0.9953976
813,sri mulyani,PER,0.99409556
813,purba,PER,0.9803823
814,purba,PER,0.94894034
814,apbn,NOR,0.23903401
815,komisi xi dpr,NOR,0.9739272
815,menkeu,NOR,0.6752406
815,purbaya,PER,0.48417184
815,srim,PER,0.7690059
816,dpr,NOR,0.9670702
816,purba,PER,0.9829653
816,kemenkeu,NOR,0.6673865
817,purba,PER,0.56869376
818,sri mulyani,PER,0.98824435
818,purba,PER,0.95876807
819,menkeu,NOR,0.7806499
819,baru purbaya,PER,0.7576925
820,purba,PER,0.9177237
822,waka komisi xi sambut,NOR,0.70599574
822,menkeu,NOR,0.5742637
822,purba,PER,0.37199962
823,purbaya yudhi sadewa,PER,0.87498045
823,sri mulyani,PER,0.9870979
823,##keu,NOR,0.49072725
824,wamenkeu,ORG,0.760861
824,anggito,PER,0.924826
824,ketua lps,ORG,0.5831596
824,purba,PER,0.98260903
825,prabowo,PER,0.9962011
825,purbaya yudhi,PER,0.9771508
825,##hil,PER,0.5815482
825,anzar,PER,0.86329937
827,prabowo,PER,0.9717226
827,purba,PER,0.960651
827,menteri keuangan,NOR,0.89461404
828,wamenkeu,ORG,0.86510044
828,anggito,PER,0.92495245
828,ketua lps,ORG,0.68907803
828,purbaya,PER,0.9049804
829,purba,PER,0.8820572
829,mukhtarudin,PER,0.99057126
831,purbaya,PER,0.6597501
831,tokopedia cs,ORG,0.77975774
832,hotman paris,PER,0.63711303
833,purba,PER,0.71900815
835,purba,PER,0.9883836
836,saham gudang garam,ORG,0.8860578
836,sampoerna,ORG,0.78114027
836,purba,PER,0.821395
837,sultan hb x,PER,0.76501197
837,menteri,NOR,0.50272113
837,purba,PER,0.81764936
837,##ya,PER,0.47894272
837,cs,ORG,0.27850962
838,purbaya,PER,0.66329163
839,kpk,NOR,0.9851894
839,menkeu,NOR,0.6188515
839,purba,ORG,0.30451217
841,purba,PER,0.73915523
841,bank,ORG,0.6815847
842,ferry,PER,0.9909009
842,menke,NOR,0.7105551
842,##u purba,ORG,0.47831547
845,anggito,PER,0.9290728
845,ketua lps,ORG,0.8033944
845,wamenkeu,ORG,0.74023086
847,purba,PER,0.69316906
849,anggito abimanyu,PER,0.9083994
849,dirjen haji & umrah,NOR,0.73894256
849,purba,PER,0.8940168
849,lps,ORG,0.7692672
850,purbaya,PER,0.83878773
852,anggito abimanyu,PER,0.88133687
852,ugm,ORG,0.77050966
852,purbaya yudha sadewa,PER,0.8193151
852,lps,ORG,0.8598896
855,anggito,PER,0.96386206
855,ketua lps,ORG,0.629342
855,purbaya,PER,0.8019372
855,prabowo,PER,0.99627566
856,men,NOR,0.33476782
856,##u,ORG,0.3693833
856,purba,PER,0.43200827
856,bahlil,PER,0.7004709
857,core,ORG,0.25091547
857,purba,PER,0.88431585
859,menkeu,NOR,0.7507396
859,firaun lu,PER,0.5675107
860,firaun lu,PER,0.79929614
861,imf,ORG,0.5613631
861,ri,NOR,0.315722
862,anggito,PER,0.7457498
862,lps,ORG,0.8749497
863,purba,PER,0.9464145
864,ojk,ORG,0.70202684
864,kemenkeu,NOR,0.66034573
865,menkeu,NOR,0.7022385
865,purba,PER,0.5717179
866,dpr,NOR,0.99303883
866,menkeu,NOR,0.71379524
866,purbaya,PER,0.6697365
867,bos pajak anc,ORG,0.47344294
868,menkeu,NOR,0.64757437
868,purba,PER,0.6587437
869,firaun lu,PER,0.49319857
870,menkeu,NOR,0.68725324
870,purba,PER,0.55056447
871,purba,PER,0.5882878
871,singg,PER,0.7754068
873,bank jakarta,ORG,0.98943424
873,pemerintah pusat,NOR,0.91844034
874,bank jakarta,ORG,0.98370737
874,bank jatim,ORG,0.9548888
874,bj,PER,0.5079995
874,##b,ORG,0.7520583
874,pemerintah,NOR,0.8956301
875,purba,PER,0.9025115
876,men,NOR,0.6484647
876,##keu purba,ORG,0.5107656
876,##ip,ORG,0.40166909
877,prabowo,PER,0.99574596
877,purba,PER,0.97518253
878,purbaya,PER,0.8688727
878,core,ORG,0.349601
879,prabowo,PER,0.99587446
879,purba,PER,0.673587
879,kementerian,NOR,0.5815604
881,coretax,ORG,0.566671
881,purba,PER,0.5205006
882,purbaya,PER,0.75336796
883,purba,PER,0.8273745
883,core,ORG,0.4235245
884,gubernur,NOR,0.6295084
884,mendagri,NOR,0.9305947
885,anggito,PER,0.948648
885,lps,ORG,0.70670235
885,prabowo,PER,0.99746835
886,menkeu,NOR,0.7351496
886,purba,PER,0.30935964
887,purbaya,PER,0.80451435
887,soeharto,PER,0.55979943
888,purba,PER,0.5210757
889,ketua komisi xi dpr,NOR,0.9451631
889,menkeu,NOR,0.8569443
889,purba,PER,0.9127409
891,purba,PER,0.876795
892,banggar dpr,NOR,0.64807826
892,menkeu,NOR,0.92023116
892,purba,PER,0.37489247
893,zulhas,PER,0.9796629
894,purba,PER,0.83847654
894,kib,PER,0.44540912
895,purba,PER,0.71955436
895,satgas blbi,ORG,0.8524454
897,purba,PER,0.56111944
899,menke,NOR,0.51994866
899,##u,ORG,0.53845847
899,purba,NOR,0.2978438
899,kring pajak,ORG,0.60232466
900,purbaya,PER,0.8133077
901,purbaya,PER,0.7751664
901,kib,PER,0.9157944
902,dirut bank,ORG,0.6597618
903,purba,PER,0.9239121
903,bank,ORG,0.53848714
904,purbaya,PER,0.92016804
904,menkeu,NOR,0.5908533
904,tutut soeharto,PER,0.84066945
905,djp,ORG,0.7513319
906,anwar hafid,PER,0.984472
907,purba,PER,0.8669592
908,sultan hb x,PER,0.9705966
909,purba,PER,0.871739
912,menkeu,NOR,0.7742898
912,purbaya,PER,0.6953053
912,tutut,PER,0.71319777
912,soeharto,PER,0.78532666
912,ptun,ORG,0.9372302
913,dpr,NOR,0.9847482
914,ptun,ORG,0.96772325
914,menkeu purba,NOR,0.6022773
914,bu tutut,PER,0.9449093
915,bos bgn,ORG,0.79637975
915,purba,PER,0.6836363
916,mens,NOR,0.6424756
916,menkeu,NOR,0.8254959
916,ses,NOR,0.59731495
916,das,PER,0.41215453
916,dpr,NOR,0.98827654
918,pemprov sumut,NOR,0.93392676
919,bah,PER,0.42139688
919,men,NOR,0.6898726
919,##keu purba,ORG,0.5439338
920,purba,PER,0.76490057
920,prabowo,PER,0.99372274
920,kementerian,NOR,0.85296
921,sri mulyani,PER,0.97635883
921,purbaya,PER,0.8016422
922,purba,PER,0.9099591
922,bi,ORG,0.96124333
923,purba,PER,0.9045642
923,kementerian,NOR,0.5870028
924,cua,ORG,0.30764863
925,gubsu,NOR,0.44068024
925,bobby,PER,0.969872
925,gubernur aceh mualem,NOR,0.9465172
926,anggito abimanyu,PER,0.9731512
926,wamenkeu,ORG,0.8590315
926,lps,ORG,0.96205956
928,bri,ORG,0.89857507
928,pemerintah,NOR,0.71246135
929,kemenkeu,NOR,0.82129
929,world bank,ORG,0.96837485
931,purba,PER,0.9122833
932,pemerintah,NOR,0.96947217
933,menteri keuangan,NOR,0.903741
933,purba,PER,0.98114
934,menkeu,NOR,0.8781902
934,purba,PER,0.624627
934,kementerian,NOR,0.93579084
934,belanja,NOR,0.9236087
935,lp,NOR,0.65036285
935,##s,ORG,0.60679924
935,presiden,NOR,0.74066645
935,dpr,NOR,0.9525826
935,purba,PER,0.9843492
936,purba,PER,0.9177909
937,purba,PER,0.97711617
938,bobby nasution,PER,0.98636377
939,purba,PER,0.8770913
939,tim akselerasi,ORG,0.89444387
939,prabowo,PER,0.9177923
940,purbaya,PER,0.8096383
941,purbaya singgung bank malas,ORG,0.81954765
941,untung gede,PER,0.8457067
942,purbaya,ORG,0.5193206
942,bank,ORG,0.5243641
944,men,NOR,0.6721417
944,##keu purba,ORG,0.5946528
944,bank himbara,ORG,0.98454684
945,mariner eccles,ORG,0.82809347
946,purba,PER,0.44712368
946,zulhas,PER,0.98347896
947,purba,PER,0.8307845
947,bank,ORG,0.7227779
948,pemprov banten,NOR,0.9673083
949,himbara,PER,0.59822714
949,purba,PER,0.84903425
950,pramono,PER,0.96168154
951,prabowo,PER,0.9877515
951,purbaya,PER,0.7186441
951,zulhas,PER,0.97713643
952,bank,ORG,0.36057034
953,pemerintah,NOR,0.95087546
954,pemerintah,NOR,0.9107098
955,isc,ORG,0.6959669
956,muzani,PER,0.96916443
957,bank bumn,ORG,0.78469634
957,purba,PER,0.5644386
958,pemerintah,NOR,0.96487737
959,kemenperin,NOR,0.94500065
960,men,NOR,0.6975515
960,##keu,ORG,0.5782729
960,purba,PER,0.3839865
960,##ut bank,ORG,0.617844
962,bank bumn,ORG,0.6101526
963,purbaya,PER,0.89349884
963,yudhi sadewa,PER,0.9101763
963,men,NOR,0.54598284
963,##u,ORG,0.40574354
963,lps,ORG,0.91649234
965,lps,ORG,0.88916326
966,purba,PER,0.6896752
966,bah,PER,0.5663097
967,purbaya wanti,PER,0.84486616
968,men,NOR,0.5842509
968,og,PER,0.84007454
969,purbaya,PER,0.81461495
969,lps,ORG,0.9337692
971,airlangga,PER,0.91791165
973,sri mulyani,PER,0.98449093
974,prabowo,PER,0.9980385
975,purba,PER,0.70850575
977,purba,PER,0.47023153
978,prabowo,PER,0.9973219
978,##negara,ORG,0.40927586
979,bea cukai,NOR,0.68825746
980,eddy soeparno,PER,0.99191827
981,ulama jatim,NOR,0.690562
982,menkeu purba,NOR,0.6523625
982,##wa,ORG,0.7434569
984,purba,PER,0.95545834
984,sb,PER,0.36961162
987,sri mulyani,PER,0.9938323
987,itb,ORG,0.81354654
988,jokowi,PER,0.9713381
988,purba,PER,0.8624111
989,menkeu,NOR,0.65485936
989,sri mulyani,PER,0.9961095
990,menko perekonomian,NOR,0.5544335
991,pemerintah,NOR,0.93945545
992,menkeu,NOR,0.66837883
992,sri mulyani,PER,0.99616504
993,prabowo,PER,0.9973194
993,badan penerimaan negara,ORG,0.47380757
994,ih,PER,0.30733037
994,##s,ORG,0.37728113
994,prabowo,PER,0.9931845
994,sri mulyani,PER,0.98690015
995,menkeu,NOR,0.78789383
996,sri mulyani,PER,0.98491436
997,menteri keuangan indonesia,NOR,0.87819785
998,sri mulyani,PER,0.99023634
998,prabowo,PER,0.99589044
999,prabowo,PER,0.9974716
999,sri mulyani,PER,0.9870716
1000,kemensos,ORG,0.75298434
1000,sekolah rakyat,ORG,0.72117
1000,bansos,ORG,0.54038155
1001,sri mulyani,PER,0.9926743
1002,jokowi,PER,0.98753554
1002,menkeu,NOR,0.57781106
1002,purba,PER,0.82890105
1002,bagus,PER,0.6973823
1003,##hu,NOR,0.6322042
1003,prabowo,PER,0.9961971
1004,prabowo,PER,0.9945911
1004,suara,ORG,0.6028072
1004,panglima,NOR,0.26059973
1004,kapolri,NOR,0.8305345
1005,lps,ORG,0.77385074
1005,wamenkop,ORG,0.6475463
1005,ferry,PER,0.79616463
1006,sri mulyani,PER,0.9891138
1007,pertamina,ORG,0.9544
1008,menag,NOR,0.80831313
1008,prabowo,PER,0.9933119
1009,jokowi,PER,0.9885318
1009,purba,PER,0.44271064
1009,sri mulyani,PER,0.99187493
1011,sri mulyani,PER,0.9798291
1012,prabowo sapa,PER,0.7273893
1014,##s,ORG,0.48044443
1015,sri mulyani,PER,0.996574
1015,men,NOR,0.569526
1016,menkeu,NOR,0.7656825
1016,bgn,ORG,0.65412945
1017,jokowi,PER,0.99645543
1017,sri mulyani,PER,0.97538596
1018,dpr,NOR,0.983688
1019,itb,ORG,0.87464523
1019,menteri keuangan,NOR,0.79672337
1020,menkeu,NOR,0.9006837
1020,bgn,ORG,0.8473772
1021,ri,NOR,0.42312124
1021,sri mulyani,PER,0.99266505
1022,res,NOR,0.44284236
1022,##ffle kabinet,NOR,0.45051515
1022,prabowo,PER,0.9574702
1023,prabowo,PER,0.9904636
1023,sri mulyani,PER,0.9926281
1023,budi arie,PER,0.98728156
1024,sri mulyani,PER,0.9950531
1024,kemenkeu,NOR,0.7704682
1024,sertijab,PER,0.66828394
1025,anggota,NOR,0.54935354
1025,dpr,NOR,0.6164879
1027,sri mulyani,PER,0.9858028
1028,bos bi,ORG,0.8534987
1029,pemerintah,NOR,0.98370093
1029,satgas,NOR,0.4905599
1030,sri mulyani,PER,0.99215823
1030,menteri keuangan,NOR,0.969136
1031,didik madiyono,PER,0.991935
1031,dk lps,ORG,0.61131257
1032,sri mulyani,PER,0.99591833
1032,menkeu,NOR,0.6085883
1033,prabowo,PER,0.9969902
1033,kabinet,NOR,0.48058745
1034,prabowo,PER,0.98202723
1034,gibran,PER,0.9751277
1035,prabowo,PER,0.9958234
1035,suara,ORG,0.5312156
1035,panglima tni,NOR,0.6740049
1035,kapolri,NOR,0.9186417
1037,prabowo,PER,0.9963601
1037,gibran,PER,0.9421233
1038,prabowo,PER,0.9774354
1039,prabowo,PER,0.99670655
1041,erick thohir,PER,0.9924428
1043,sri mulyani,PER,0.99539214
1044,sri mulyani,PER,0.992662
1045,sri mulyani,PER,0.9943047
1046,sri mulyani,PER,0.9792587
1047,men,NOR,0.5230043
1047,ibu sri,PER,0.691396
1048,sri mulyani,PER,0.9944138
1050,prabowo,PER,0.9932822
1050,men,NOR,0.5958814
1050,sri mulyani,PER,0.99583846
1051,sri mulyani,PER,0.9932597
1051,prabowo,PER,0.9913901
1052,sri mulyani,PER,0.9851218
1053,prabowo,PER,0.9856391
1053,sri mulyani,PER,0.99404675
1054,sri mulyani,PER,0.98697203
1055,bgn,ORG,0.76279557
1056,sri mulyani,PER,0.96725434
1056,kantor,NOR,0.29006034
1056,##keu,NOR,0.456519
1057,prabowo,PER,0.99713045
1059,prabowo,PER,0.9951126
1061,prabowo,PER,0.9969503
1063,genjot belanja,ORG,0.5052104
1064,muzani,PER,0.8905467
1064,puan,PER,0.62643975
1067,jokowi,PER,0.99004585
1067,menke,NOR,0.5108923
1067,##u,ORG,0.39179844
1067,purba,PER,0.76500565
1068,pemerintah,NOR,0.97991395
1069,reformasi,NOR,0.3505993
1069,tkdn,ORG,0.6048615
1070,ri,ORG,0.40890986
1071,budi gunawan,PER,0.9947276
1071,menko polkam,NOR,0.81228995
1071,ad,NOR,0.4596609
1072,menpora,NOR,0.73049843
1072,dit,PER,0.9097247
1072,##o ariotedjo,PER,0.8053624
1075,kepala bp haji,NOR,0.601313
1076,dirjen kemenkeu,NOR,0.94484794
1077,sri mulyani,PER,0.9703279
1078,prabowo,PER,0.98809856
1078,budi gunawan,PER,0.99169844
1078,sri mulyani,PER,0.99284124
1079,bangga,NOR,0.8676898
1079,##r,NOR,0.52332824
1079,dpr desak,NOR,0.64604235
1079,menkeu,NOR,0.56968135
1080,jokowi,PER,0.981027
1080,sri mulyani,PER,0.9933302
1080,men,NOR,0.49326426
1080,bagus,PER,0.6581476
1081,menpora,NOR,0.9044575
1081,erick thohir,PER,0.98603565
1084,purba,PER,0.6218394
1084,bni,ORG,0.98330426
1084,bri,ORG,0.96144944
1084,mandiri,ORG,0.93341106
1084,btn,ORG,0.7429395
1084,bs,PER,0.360767
1085,pemerintah,NOR,0.9750074
1086,purba,PER,0.3335374
1086,menkeu,NOR,0.80841637
1087,sri mulyani,PER,0.9954996
1087,men,NOR,0.68233335
1088,ih,PER,0.4228453
1088,menkeu,NOR,0.6171572
1088,kadin,NOR,0.69463134
1089,sri mulyani,PER,0.9932936
1090,prabowo,PER,0.99561983
1090,airlangga,PER,0.97224164
1091,sri mulyani,PER,0.9891522
1092,sri mulyani,PER,0.99491054
1093,dito ariotedjo,PER,0.883266
1093,budi gunawan,PER,0.9951028
1094,bantah,ORG,0.45349386
1094,budi,PER,0.96458334
1094,gunawan,ORG,0.70754975
1095,prabowo,PER,0.9929289
1096,prabowo,PER,0.9934974
1096,sri mulyani,PER,0.99392295
1096,budi gunawan,PER,0.9941402
1097,prabowo,PER,0.9955444
1098,prabowo,PER,0.99139106
1098,menko polhukam,NOR,0.8401207
1098,menpora,NOR,0.90806115
1099,prabowo,PER,0.9933509
1099,gus irfan,PER,0.9880007
1099,menteri haji,NOR,0.7084851
1099,dah,PER,0.8859945
1100,ferry juliantono,PER,0.99486923
1100,menteri koperasi,NOR,0.9296094
1100,budi arie,PER,0.95082474
1101,prabowo,PER,0.9952108
1102,karding,PER,0.85594547
1102,mukhtarudin,PER,0.98885
1102,menteri p2,NOR,0.49263677
1102,##mi,ORG,0.6202935
1103,bg,PER,0.8285271
1103,dito ariotedjo,PER,0.93697464
1104,prabowo,PER,0.9974195
1105,sri mulyani,PER,0.99356574
1105,prabowo,PER,0.9911809
1106,##s,ORG,0.42362094
1106,sri mulyani,PER,0.9909943
1107,prabowo,PER,0.99267745
1107,menkeu,NOR,0.8019741
1107,sri mulyani,PER,0.9925299
1108,prabowo,PER,0.9817062
1108,budie arie,PER,0.86692125
1108,sri mulyani,PER,0.9890359
1109,prabowo,PER,0.99121034
1109,menko polkam,NOR,0.9082663
1109,menkeu,NOR,0.87393934
1110,budi arie,PER,0.99333847
1111,prabowo,PER,0.99756634
1112,airlangga,PER,0.98165154
1113,dpr,NOR,0.9837226
1113,pemerintah,NOR,0.95095
1114,menteri keuangan,NOR,0.8889287
1114,sri mulyani,PER,0.99254555
1115,purba,PER,0.7283743
1116,men,NOR,0.5876615
1117,men,NOR,0.6474037
1118,purba,PER,0.9343638
1118,bank,ORG,0.96561575
1118,bni,ORG,0.94641554
1119,mendagri,NOR,0.9781263
1119,pemda buru,NOR,0.86205304
1119,buru,NOR,0.3477921
1120,net sell,ORG,0.8089773
1120,bca,ORG,0.8790032
1121,abdul kadir karding,PER,0.98622006
1121,menteri p2,NOR,0.6277471
1121,##mi,ORG,0.64340824
1121,mukhtarudin,PER,0.9915871
1122,abdul kadir karding,PER,0.8205161
1122,menteri p2,NOR,0.6806433
1122,##mi,ORG,0.64860386
1123,sri mulyani,PER,0.9946632
1123,##keu,NOR,0.44151866
1124,saham bank,ORG,0.4478036
1124,prabowo,PER,0.9915487
1124,sri mulyani,PER,0.9916342
1125,prabowo,PER,0.9923348
1125,pan,NOR,0.9881522
1126,nasdem,NOR,0.9767991
1126,prabowo,PER,0.99003863
1127,budi arie,PER,0.9900507
1127,ferry juliantono,PER,0.9926691
1128,prabowo,PER,0.988166
1128,aria bima,PER,0.98692966
1128,pdip,NOR,0.92695826
1129,gus irfan,PER,0.992468
1129,haji,NOR,0.5532026
1129,umrah,NOR,0.5345167
1129,dahnil anzar simanjun,PER,0.96437573
1130,prabowo,PER,0.98648816
1131,prabowo,PER,0.995387
1132,pemerintah,NOR,0.94649583
1133,prabowo,PER,0.99680054
1133,men,NOR,0.5518482
1133,##u,ORG,0.34910384
1133,dir,NOR,0.5684866
1133,##ut pertamina,ORG,0.71292037
1136,paripurna dpr,NOR,0.9457959
1137,children,ORG,0.521212
1138,soeharto,PER,0.899076
1138,men,NOR,0.6479029
1138,bl,ORG,0.31419882
1140,wam,NOR,0.6333647
1140,##enkeu,ORG,0.6451412
1140,anggito abimanyu,PER,0.95158666
1140,ketua lps,ORG,0.7618874
1141,wapres,NOR,0.62284005
1141,gibran,PER,0.92102337
1141,kabinet,NOR,0.40147376
1142,menkop,NOR,0.5352557
1142,koperasi boleh kelola tambang,ORG,0.7273564
1143,sri mulyani,PER,0.9938124
1143,kemenkeu,NOR,0.8728986
1144,sri mulyani,PER,0.99625283
1145,zulhas,PER,0.98719037
1145,prabowo,PER,0.98813325
1146,prabowo,PER,0.99048364
1147,sri mulyani,PER,0.98577166
1147,kemen,NOR,0.38603544
1148,sri mulyani,PER,0.9959009
1148,kemenkeu,NOR,0.62086135
1149,kabinet,NOR,0.44061294
1149,prabowo,PER,0.9970951
1151,prabowo,PER,0.9969908
1151,sri mulyani,PER,0.99291056
1152,menteri haji,NOR,0.53815585
1152,um,NOR,0.42177954
1152,m irfan yusuf,PER,0.97918916
1153,kadin,ORG,0.46024817
1153,sri mulyani,PER,0.9949198
1154,res,NOR,0.5068066
1154,##ffle,NOR,0.51751953
1154,prabowo,PER,0.99400145
1154,budi gunawan,PER,0.9949868
1154,sri mulyani,PER,0.99080235
1155,pdip,NOR,0.9815694
1155,prabowo,PER,0.99375653
1156,menkeu,NOR,0.7693711
1157,bos,ORG,0.57654524
1157,bgn,ORG,0.73293304
1159,anggito abimanyu,PER,0.9474635
1159,wamenkeu,ORG,0.75982803
1159,lps,ORG,0.87817645
1160,um surabaya,ORG,0.8111484
1161,anggito abimanyu,PER,0.9616125
1161,wamenkeu,ORG,0.6354253
1161,lps,ORG,0.90394294
1162,mendagri,NOR,0.96637046
1162,pemda,NOR,0.943616
1164,bs,ORG,0.63069016
1165,bank swasta,ORG,0.7413203
1165,him,PER,0.55996907
1165,##bara,ORG,0.5560408
1166,anggito,PER,0.94305354
1166,lps,ORG,0.756624
1166,wamenkeu,NOR,0.5344078
1166,presiden,NOR,0.7966486
1167,lps,ORG,0.954846
1167,anggito abimanyu,PER,0.90033406
1168,pemerintah,NOR,0.966062
1169,sri mulyani,PER,0.9873507
1170,bg,PER,0.9099296
1170,menko polkam,NOR,0.77932775
1171,budi arie,PER,0.98923993
1171,dpr,NOR,0.9639639
1172,sri mulyani,PER,0.9953797
1172,menteri keuangan,NOR,0.9519359
1174,prabowo,PER,0.9855848
1174,budi arie,PER,0.9819102
1174,sri mulyani,PER,0.98847866
1175,fadli zon,PER,0.99371594
1176,bangga,NOR,0.8788563
1176,##r,NOR,0.48603126
1176,dpr,NOR,0.6517416
1177,banggar dpr,NOR,0.6300645
1177,menkeu,NOR,0.74976176
1178,men,NOR,0.84371674
1178,himbara,PER,0.8532914
1178,ketua banggar dpr,NOR,0.83186406
1179,prabowo,PER,0.9955558
1180,prabowo,PER,0.99158186
1181,kementerian,NOR,0.87686867
1182,bos,ORG,0.7879484
1182,bi,ORG,0.5567262
1182,pemerintah,NOR,0.9500727
1183,ppp,NOR,0.83554333
1183,##k,ORG,0.56449944
1183,kop,NOR,0.40924686
1183,##des,ORG,0.465098
1185,anindya bakrie,PER,0.8940544
1185,bagus,PER,0.9571014
1187,##ty,ORG,0.40492696
1188,men,NOR,0.6437758
1188,##keu purba,ORG,0.5798068
1189,gudang garam,ORG,0.90608597
1189,menke,NOR,0.44699085
1189,purba,PER,0.91567546
1190,kementerian bumn,NOR,0.96597934
1191,##keu,ORG,0.6856486
1191,purba,PER,0.40552855
1192,ojk,ORG,0.8031219
1193,ojk,ORG,0.7033273
1193,pemerintah,NOR,0.6451252
1195,pertamina,ORG,0.879932
1196,ketua komisi xi dpr,NOR,0.9714651
1196,bi,ORG,0.93986857
1197,soeharto,PER,0.7223114
1198,purba,PER,0.9656781
1198,lps,ORG,0.8907682
1198,men,NOR,0.6510642
1198,##keu,ORG,0.4480012
1199,tutut,PER,0.64012957
1199,soeharto,PER,0.6582328
1199,menteri keuangan,NOR,0.96746707
1199,ptun,ORG,0.8739349
1200,menteri keuangan,NOR,0.97834575
1200,tutut soeharto,PER,0.9075203
1200,kemenkeu,NOR,0.9164098
1201,bos danantara,ORG,0.875456
1201,bank bumn,ORG,0.88463765
1202,pimpinan komisi i dpr,NOR,0.7567184
1202,djamari chaniago,PER,0.9870206
1202,menko polkam,NOR,0.88845414
1203,purba,PER,0.93362725
1205,bumn,ORG,0.7516414
1206,bangga,NOR,0.8759919
1206,##r,NOR,0.6461489
1206,dpr ri,NOR,0.79107434
1208,bl,ORG,0.24440235
1208,tut,PER,0.7066335
1208,soeharto,PER,0.82521665
1208,men,NOR,0.66052353
1209,menkeu,NOR,0.62995577
1209,purbaya,PER,0.65038455
1210,purbaya,PER,0.85572785
1211,pemerintah,NOR,0.8536958
1212,prabowo,PER,0.9751449
1213,prabowo,PER,0.9921555
1213,sarah sadiqa,PER,0.9808727
1213,hendy,PER,0.94647646
1213,kepala lkpp,ORG,0.78446347
1214,kabinet,NOR,0.65470666
1214,merah,ORG,0.46506047
1214,prabowo,PER,0.9963897
1214,gibran,PER,0.9745883
1216,kabinet,NOR,0.591302
1216,prabowo,PER,0.99536926
1216,gibran,PER,0.95227605
1217,djamari chaniago,PER,0.9881846
1217,menko polkam,NOR,0.94626194
1217,erick thohir,PER,0.913894
1217,menpora,NOR,0.7450301
1218,prabowo,PER,0.9915216
1218,djamari chaniago,PER,0.978093
1218,erick thohir,PER,0.9906681
1219,erick thohir,PER,0.99385387
1219,menpora,NOR,0.9362707
1219,djamari chaniago,PER,0.9793438
1219,menko polkam,NOR,0.9315093
1220,prabowo,PER,0.99148893
1220,men,NOR,0.609226
1220,kapolri,NOR,0.9744241
1221,mahfud md,PER,0.98385197
1221,menko polkam,NOR,0.70837563
1221,pimpinan komisi i dpr,NOR,0.9097644
1222,djamari chaniago,PER,0.98922145
1222,menko polkam,NOR,0.9307707
1223,prabowo,PER,0.9801437
1223,menko polkam,NOR,0.86608416
1223,menpora,NOR,0.70162666
1224,menko polkam,NOR,0.95469236
1224,menpora,NOR,0.9387284
1224,prabowo,PER,0.99457943
1225,menko polkam,NOR,0.7044195
1225,menpora,NOR,0.81617415
1226,pimpinan komisi i dpr,NOR,0.93380255
1226,djamari chaniago,PER,0.98555154
1226,menko polkam,NOR,0.8644826
1227,prabowo,PER,0.99392563
1227,men,NOR,0.73098505
1227,polkam,NOR,0.8643553
1227,menpora,NOR,0.6417084
1229,zulhas,PER,0.98238695
1229,bank himbara,ORG,0.9749255
1230,bank bumn,ORG,0.5250393
1231,erick thohir,PER,0.99093074
1231,menpora,NOR,0.8949603
1231,menteri bumn,NOR,0.95709693
1232,erick thohir,PER,0.9919967
1232,menpora,NOR,0.9217664
1232,menteri bumn,NOR,0.9459038
1234,prabowo,PER,0.9936434
1234,menko polkam,NOR,0.9534213
1234,djamari chaniago,PER,0.9868662
1234,menpora,NOR,0.9676235
1234,erick thohir,PER,0.9911464
1235,erick thohir,PER,0.9916503
1235,menpora,NOR,0.8079767
1235,djamari chaniago,PER,0.9868932
1235,menko polkam,NOR,0.91882247
1236,prabowo subianto,PER,0.995082
1237,prabowo,PER,0.99184215
1237,djamari chaniago,PER,0.9871651
1237,erick thohir,PER,0.9932535
1238,prabowo,PER,0.9971199
1238,kepala,NOR,0.41440794
1238,lkpp,ORG,0.434335
1239,ojol,ORG,0.4232676
1239,jk,ORG,0.3801325
1239,jk,ORG,0.39452127
1240,utak,PER,0.91471654
1240,ati,PER,0.50905037
1240,kabinet,PER,0.33376372
1240,prabowo,PER,0.8688868
1242,himbara,PER,0.2773387
1243,bri,ORG,0.7830292
1243,pemerintah,NOR,0.9746523
1243,pemerintah,NOR,0.47993043
1244,zul,ORG,0.34422606
1244,##has,PER,0.67005223
1244,desa,ORG,0.4992799
1245,angga raka,PER,0.9684266
1245,kepala bkp,NOR,0.6801898
1247,pemerintah,NOR,0.9699634
1248,prabowo,PER,0.9788213
1249,men,NOR,0.86255556
1249,polkam,NOR,0.80339354
1249,menpora,NOR,0.88048506
1249,prabowo,PER,0.99680376
1250,menko polkam,NOR,0.94437337
1250,djamari chaniago,PER,0.9930043
1250,mahfud md,PER,0.99066687
1251,prabowo,PER,0.9952524
1251,##kam,NOR,0.476991
1252,rosan,PER,0.96767485
1253,prabowo,PER,0.9975794
1254,kemenkeu,NOR,0.6410429
1255,prabowo,PER,0.9957754
1256,basuki,PER,0.9974789
1256,ikn,ORG,0.68989
1257,prabowo,PER,0.9738438
1257,djamari chaniago,PER,0.98381364
1257,menko polkam,NOR,0.926002
1257,erick thohir,PER,0.9937411
1257,menpora,NOR,0.891653
1258,bg,PER,0.8440605
1258,sri mulyani,PER,0.99094754
1258,prabowo,PER,0.9976336
1259,menkeu,NOR,0.59647936
1260,pertamina,ORG,0.839403
1261,pemerintah,NOR,0.92783386
1262,kop,ORG,0.48651728
1262,bank,ORG,0.64873993
1263,prabowo,PER,0.99747795
1264,prabowo,PER,0.9944788
1265,res,NOR,0.4689912
1265,prabowo,PER,0.9959447
1266,bank,ORG,0.5782262
1267,him,PER,0.5049477
1267,##bara,ORG,0.32789186
1269,menkeu,NOR,0.6776125
1269,purbaya,PER,0.67525727
1269,prabowo,PER,0.99330807
1270,menke,NOR,0.5295838
1270,##u,ORG,0.48710236
1270,purba,PER,0.7643899
1272,pemerintah,NOR,0.9811039
1273,purbaya,PER,0.71920705
1274,tim khusus,ORG,0.6653989
1274,genjot program prioritas,ORG,0.900153
1275,ketua dpd,NOR,0.7601377
1275,pemda,NOR,0.79510874
1277,purbaya,PER,0.78956974
1277,prabowo,PER,0.9948154
1278,airlangga,PER,0.7835099
1279,##bara,ORG,0.38982493
1280,menkeu purba,NOR,0.64349174
1280,cia,NOR,0.2407534
1281,pemerintah,NOR,0.9838509
1281,ojol,ORG,0.86125684
1282,men,NOR,0.5350076
1283,pemerintah,NOR,0.9420465
1285,airlangga,PER,0.95550513
1285,menteri keuangan,NOR,0.92688656
1286,bank mandiri,ORG,0.9892275
1286,pemerintah,NOR,0.9440023
1287,prabowo,PER,0.9973623
1287,menko polkam,NOR,0.90571237
1287,menpora,NOR,0.8739871
1288,men,NOR,0.41339076
1288,ferry,PER,0.8397477
1288,koperasi,ORG,0.49954015
1289,menke,NOR,0.72418934
1289,pemerintah,NOR,0.94344425
1291,dpr,NOR,0.9865118
1291,kemenkeu,NOR,0.73288435
1292,kemenkeu,NOR,0.89815515
1293,menpora,NOR,0.9084691
1293,menko polkam,NOR,0.86755747
1293,prabowo,PER,0.9965205
1294,menteri olahraga taiwan,NOR,0.97764635
1295,kemenkeu,NOR,0.9122262
1295,dpr,NOR,0.98448044
1296,kemenkeu,NOR,0.8025279
1297,bobby,PER,0.99650097
