article_id,entity,label,score,normalized_entity
0,menteri keuangan,NOR,0.9488228,menteri keuangan
0,purbaya yudhi sadewa,PER,0.9624123,purbaya yudhi sadewa
1,menteri keuangan,NOR,0.95213556,menteri keuangan
1,purbaya yudhi sadewa,PER,0.96617365,purbaya yudhi sadewa
2,sri mulyani,PER,0.99401075,sri mulyani
2,purbaya yudhi sadewa,PER,0.9795649,purbaya yudhi sadewa
3,purbaya yudhi sad,PER,0.93368846,purbaya yudhi sadewa
3,sri mulyani,PER,0.9924946,sri mulyani
3,menteri keuangan,NOR,0.934439,menteri keuangan
4,menteri keuangan,NOR,0.9632086,menteri keuangan
4,baru,PER,0.9349586,baru
4,purbaya yudhi sadewa,PER,0.9390831,purbaya yudhi sadewa
5,purbaya yudhi sadewa,PER,0.95297956,purbaya yudhi sadewa
5,sri mulyani,PER,0.98858047,sri mulyani
5,jokowi,PER,0.9940103,jokowi
6,pendidikan,ORG,0.63653207,pendidikan
6,purba,PER,0.783358,purba
6,##ya,ORG,0.46891123,##ya
6,yudhi sadewa,PER,0.8645823,yudhi sadewa
6,menkeu,NOR,0.63195944,menkeu
6,sri mulyani,PER,0.99447364,sri mulyani
7,purbaya yudhi sadewa,PER,0.9596932,purbaya yudhi sadewa
7,menteri keuangan,NOR,0.959736,menteri keuangan
8,purbaya yudhi sadewa,PER,0.95298594,purbaya yudhi sadewa
8,sri mulyani,PER,0.9946761,sri mulyani
9,purbaya yudhi sadewa,PER,0.95311975,purbaya yudhi sadewa
9,menteri keuangan,NOR,0.94915116,menteri keuangan
9,sri mulyani,PER,0.9956092,sri mulyani
10,purbaya yudhi sadewa,PER,0.8919656,purbaya yudhi sadewa
10,menteri keuangan,NOR,0.7713934,menteri keuangan
10,prabowo,PER,0.99723405,prabowo
11,purbaya yudhi sadewa,PER,0.95311975,purbaya yudhi sadewa
11,menteri keuangan,NOR,0.94915116,menteri keuangan
11,sri mulyani,PER,0.9956092,sri mulyani
12,prabowo,PER,0.9910052,prabowo
12,sri mulyani,PER,0.9913567,sri mulyani
12,purbaya yudhi sadewa,PER,0.9770684,purbaya yudhi sadewa
13,yudhi sadewa,PER,0.9554976,yudhi sadewa
13,sri mulyani,PER,0.9954214,sri mulyani
14,menteri keuangan,NOR,0.9407836,menteri keuangan
14,purbaya yudhi sadewa,PER,0.9796582,purbaya yudhi sadewa
15,men,NOR,0.42371765,men
15,##keu,ORG,0.53075397,##keu
15,purbaya yudhi sadewa,PER,0.86329824,purbaya yudhi sadewa
15,lps,ORG,0.9116049,lps
15,sri mulyani,PER,0.9947724,sri mulyani
16,purbaya yudhi sadewa,PER,0.9793188,purbaya yudhi sadewa
16,menteri keuangan,NOR,0.87540406,menteri keuangan
16,sri mulyani,PER,0.9956315,sri mulyani
17,purbaya yudhi sadewa,PER,0.98399,purbaya yudhi sadewa
17,soeharto,PER,0.68237823,soeharto
18,sri mulyani,PER,0.9885092,sri mulyani
18,purbaya yudhi sadewa,PER,0.9703376,purbaya yudhi sadewa
18,menteri keuangan,NOR,0.8540535,menteri keuangan
19,sri mulyani,PER,0.99092525,sri mulyani
19,purbaya yudhi sadewa,PER,0.96391225,purbaya yudhi sadewa
20,purbaya yudhi sadewa,PER,0.97665054,purbaya yudhi sadewa
21,menkeu,NOR,0.8334313,menkeu
21,purbaya yudhi sadewa,PER,0.91075945,purbaya yudhi sadewa
22,jum,PER,0.6770659,jum
22,menteri keuangan,NOR,0.9477768,menteri keuangan
22,purba,PER,0.9928115,purba
22,##ya yudhi sadewa,PER,0.8588206,##ya yudhi sadewa
23,purba,PER,0.7614026,purba
23,yudhi sadewa,PER,0.94111335,yudhi sadewa
24,purbaya yudhi sadewa,PER,0.9028315,purbaya yudhi sadewa
24,sby,PER,0.96707225,sby
24,menke,NOR,0.64755,menkeu
25,purba,PER,0.9519471,purba
25,yudhi sadewa,PER,0.9252266,yudhi sadewa
26,yudhi sadewa,PER,0.96321696,yudhi sadewa
26,sri mulyani,PER,0.9944978,sri mulyani
27,purbaya yudhi sadewa,PER,0.9728331,purbaya yudhi sadewa
27,sri mulyani,PER,0.9886084,sri mulyani
27,##keu,NOR,0.5179421,##keu
28,purbaya,PER,0.877126,purbaya
28,yudhi sadewa,PER,0.9051913,yudhi sadewa
28,menteri keuangan,NOR,0.9529401,menteri keuangan
28,sri mulyani,PER,0.9933799,sri mulyani
29,menteri keuangan,NOR,0.8627982,menteri keuangan
29,purbaya yudhi sadewa,PER,0.97656584,purbaya yudhi sadewa
30,purbaya yudhi sadewa,PER,0.94755316,purbaya yudhi sadewa
30,menteri keuangan,NOR,0.95803905,menteri keuangan
30,prabowo,PER,0.9967354,prabowo
31,menkeu,NOR,0.8683379,menkeu
31,purbaya,PER,0.63914764,purbaya
31,yudhi sadewa,PER,0.90421367,yudhi sadewa
32,menteri keuangan,NOR,0.9632086,menteri keuangan
32,baru,PER,0.9349586,baru
32,purbaya yudhi sadewa,PER,0.9390831,purbaya yudhi sadewa
33,purba,PER,0.71781385,purba
33,yudhi sadewa,PER,0.8509817,yudhi sadewa
33,singg,PER,0.5145518,singg
33,mb,PER,0.3374719,mb
34,purbaya yudhi,PER,0.9805645,purbaya yudhi
35,purbaya sadewa,PER,0.9581574,purbaya sadewa
35,sri mulyani,PER,0.992532,sri mulyani
36,purbaya yudhi sadewo,PER,0.9881303,purbaya yudhi sadewa
37,purbaya sadewa men,PER,0.8546465,purbaya sadewa men
37,##ke,NOR,0.44888285,##ke
37,##u baru,PER,0.41409117,##u baru
37,menteri pkp,NOR,0.89702743,menteri pkp
38,menkeu,NOR,0.63974917,menkeu
38,purba,PER,0.7609181,purba
38,sadewa,PER,0.9032474,sadewa
38,kadin,ORG,0.6517917,kadin
39,purbaya yudhi,PER,0.9743567,purbaya yudhi
39,sri mulyani,PER,0.9814859,sri mulyani
40,menkeu,NOR,0.8189799,menkeu
40,purbaya yudhi,PER,0.9321519,purbaya yudhi
40,sri mulyani,PER,0.98001647,sri mulyani
40,cia,NOR,0.33263516,cia
41,prabowo,PER,0.9895997,prabowo
41,menkeu,NOR,0.76360434,menkeu
41,purba,PER,0.7661254,purba
41,##ya sadewa,PER,0.74399304,##ya sadewa
41,sri mulyani,PER,0.9915685,sri mulyani
41,ali wardhana,PER,0.98855907,ali wardhana
42,menteri keuangan,NOR,0.80381185,menteri keuangan
42,purbaya sadewa,PER,0.98792315,purbaya sadewa
42,lps,ORG,0.817646,lps
43,sri mulyani,PER,0.980906,sri mulyani
43,cia,NOR,0.48142356,cia
43,menkeu,NOR,0.8937004,menkeu
43,purbaya,PER,0.819342,purbaya
43,yudhi larang,PER,0.7059226,yudhi larang
44,purba,PER,0.9774046,purba
44,yudhi,PER,0.9050796,yudhi
44,##ke,NOR,0.54801095,##ke
44,baru,NOR,0.43505785,baru
44,ri,NOR,0.44146803,ri
45,menkeu,NOR,0.79866576,menkeu
45,purbaya yudhi,PER,0.9690393,purbaya yudhi
46,purbaya yudhi,PER,0.8961413,purbaya yudhi
46,ri,NOR,0.49349165,ri
47,pertamina malas,ORG,0.5559979,pertamina malas
48,purba,PER,0.58583874,purba
51,j. b sumarlin,PER,0.9759245,j. b sumarlin
51,menteri,NOR,0.58672875,menteri
51,purbaya,PER,0.8588458,purbaya
53,friedman,PER,0.9563562,friedman
54,menkeu,NOR,0.5690951,menkeu
54,purba,PER,0.30358362,purba
55,menkeu purba,NOR,0.8553382,menkeu purbaya
55,##ya,ORG,0.39457387,##ya
56,purbaya,PER,0.7682917,purbaya
57,pramono,PER,0.9710903,pramono
57,menkeu,NOR,0.74169683,menkeu
57,purbaya,PER,0.79860103,purbaya
58,menke,NOR,0.5236825,menkeu
59,menkeu,NOR,0.60648054,menkeu
59,purba,PER,0.5082493,purba
59,kepala bgn,ORG,0.8804948,kepala bgn
60,menkeu,NOR,0.63137555,menkeu
60,purba,PER,0.6225429,purba
61,anggito abimanyu,PER,0.94657844,anggito abimanyu
61,ketua lps,ORG,0.80105954,ketua lps
61,purbaya,PER,0.94409394,purbaya
62,menkeu,NOR,0.8060257,menkeu
62,purbaya,PER,0.61330277,purbaya
62,tutut,PER,0.56275386,tutut
62,soeharto,PER,0.5168722,soeharto
62,ptun,ORG,0.9031625,ptun
63,menkeu,NOR,0.6645108,menkeu
63,purba,PER,0.6120227,purba
64,dpr,NOR,0.7263728,dpr
64,menkeu,NOR,0.7960084,menkeu
64,purba,PER,0.45881644,purba
64,##ya,ORG,0.27979368,##ya
65,sri mulyani,PER,0.9919162,sri mulyani
65,menkeu purba,NOR,0.7352983,menkeu purbaya
66,prabowo,PER,0.9924563,prabowo
66,purbaya,PER,0.74934113,purbaya
67,pimpinan dpr,NOR,0.76605785,pimpinan dpr
67,menkeu,NOR,0.8212212,menkeu
67,purba,PER,0.57032055,purba
68,menke,NOR,0.6285625,menkeu
68,##u,ORG,0.4370412,##u
68,purba,PER,0.45861346,purba
70,purbaya,PER,0.938375,purbaya
70,menteri keuangan,NOR,0.9649147,menteri keuangan
71,menkeu,NOR,0.5986238,menkeu
71,purba,PER,0.4708789,purba
72,menke,NOR,0.71105754,menkeu
72,##u,ORG,0.49255577,##u
72,purba,PER,0.6110908,purba
73,men,NOR,0.6060156,men
73,##u,ORG,0.466767,##u
74,purbaya,PER,0.74998367,purbaya
75,menkeu,NOR,0.6243287,menkeu
75,purba,PER,0.52692866,purba
76,purbaya restu,PER,0.8083398,purbaya restu
76,bank jakarta,ORG,0.60035056,bank jakarta &
77,menke,NOR,0.6357807,menkeu
77,##u,ORG,0.39051294,##u
77,purba,PER,0.71782506,purba
77,bank jakarta,ORG,0.9812602,bank jakarta &
78,menke,NOR,0.5234624,menkeu
78,##u purbaya samba,ORG,0.44144195,##u purbaya samba
78,balai kota,ORG,0.5310569,balai kota
78,pramono,PER,0.90764844,pramono
79,kemenperin,NOR,0.91678077,kemenperin
79,menkeu purba,NOR,0.8497317,menkeu purbaya
80,menkeu purba,NOR,0.554599,menkeu purbaya
80,##ya,ORG,0.5984281,##ya
81,purba,PER,0.85305107,purba
84,anggito abimanyu,PER,0.92442185,anggito abimanyu
84,wamenkeu,ORG,0.9241312,wamenkeu
84,lps,ORG,0.95607495,lps
84,ganti,PER,0.6310721,ganti
84,##kan,ORG,0.47035235,##kan
84,purba,PER,0.54638356,purba
85,purbaya,PER,0.7451669,purbaya
85,badan penerimaan negara,ORG,0.6087454,badan penerimaan negara
86,menkeu purba,NOR,0.7439288,menkeu purbaya
87,menkeu,NOR,0.66261786,menkeu
88,menkeu,NOR,0.66165,menkeu
88,purbaya,PER,0.67921275,purbaya
89,dpr,NOR,0.99239653,dpr
89,menkeu,NOR,0.6822074,menkeu
89,purba,PER,0.5724585,purba
90,purbaya,PER,0.9109307,purbaya
90,##keu,NOR,0.54467726,##keu
90,luhut,PER,0.9249083,luhut
92,menkeu,NOR,0.7199888,menkeu
92,purba,PER,0.4933738,purba
93,menkeu purba,NOR,0.68374157,menkeu purbaya
95,men,NOR,0.45966372,men
95,##u,ORG,0.30899686,##u
95,purba,PER,0.38691846,purba
96,menkeu,NOR,0.7267087,menkeu
96,purba,PER,0.41784722,purba
97,purbaya,PER,0.8433679,purbaya
97,jakarta collaboration fund,ORG,0.53320664,jakarta collaboration fund
98,luhut,PER,0.96273255,luhut
98,menkeu,NOR,0.6766289,menkeu
98,purba,PER,0.34502125,purba
98,bg,ORG,0.29434058,bg
99,purba,PER,0.55397904,purba
99,pemerintah,NOR,0.94467765,pemerintahan
100,wamenkeu,ORG,0.68703294,wamenkeu
100,anggito,PER,0.771531,anggito
100,lps,ORG,0.86298347,lps
102,menkeu,NOR,0.6891139,menkeu
102,purba,PER,0.6668354,purba
103,menkeu,NOR,0.7315733,menkeu
103,purba,PER,0.44714537,purba
104,tut,PER,0.6671368,tut
104,soeharto,PER,0.7312947,soeharto
104,menkeu,NOR,0.871927,menkeu
104,purbaya,PER,0.6045024,purbaya
105,menke,NOR,0.49739504,menkeu
105,##u purba,ORG,0.5199424,##keu purba
106,menke,NOR,0.647115,menkeu
106,##u,ORG,0.5043277,##u
106,purba,PER,0.6974921,purba
107,prabowo,PER,0.99585706,prabowo
107,purba,PER,0.6795941,purba
107,sri mulyani,PER,0.99084145,sri mulyani
108,purbaya,PER,0.90674454,purbaya
108,lps,ORG,0.7096064,lps
109,men,NOR,0.70868117,men
109,##keu purba,ORG,0.59452915,##keu purbaya
110,menkeu purba,NOR,0.7993201,menkeu purbaya
111,menkeu,NOR,0.60008836,menkeu
111,purba,PER,0.69688284,purba
112,##keu,NOR,0.49327993,##keu
113,badan penerimaan negara,ORG,0.65140796,badan penerimaan negara
113,menkeu,NOR,0.78599674,menkeu
113,purba,PER,0.25842053,purba
114,menkeu,NOR,0.64467263,menkeu
114,purbaya,PER,0.4682783,purbaya
114,bei,ORG,0.6594058,bei
116,purba,PER,0.8792602,purba
116,prabowo,PER,0.98773605,prabowo
117,misbakhun,PER,0.920644,misbakhun
118,menkeu,NOR,0.73086387,menkeu
118,purbaya,PER,0.44871575,purbaya
118,bei,PER,0.50573415,bei
119,menkeu,NOR,0.7009792,menkeu
119,purba,PER,0.42275104,purba
121,purba,PER,0.9523587,purba
121,ray,PER,0.73930794,ray
121,prabowo,PER,0.9335139,prabowo
122,purba,PER,0.50390387,purba
123,menkeu,NOR,0.78980017,menkeu
123,purba,PER,0.48781368,purba
124,kiai jatim,PER,0.7329637,kiai jatim
124,menkeu purba,NOR,0.7380967,menkeu purbaya
126,purbaya,PER,0.71508074,purbaya
126,hotman paris,ORG,0.5135111,hotman paris
127,menkeu purba,NOR,0.53982043,menkeu purbaya
127,bi,ORG,0.9032093,bi
129,men,NOR,0.5198342,men
129,##u,ORG,0.5182905,##u
129,purba,PER,0.634247,purba
130,menkeu,NOR,0.8253667,menkeu
130,purba,PER,0.6655039,purba
131,menke,NOR,0.64575064,menkeu
131,##u,ORG,0.48959276,##u
133,purba,PER,0.7645524,purba
134,purba,PER,0.6062483,purba
135,tutut,PER,0.6463823,tutut
135,soeharto,PER,0.6878992,soeharto
135,menkeu,NOR,0.70917755,menkeu
135,purbaya,PER,0.52672404,purbaya
136,mb,PER,0.64496756,mb
137,prabowo,PER,0.99051696,prabowo
137,zulhas,PER,0.977705,zulhas
137,purbaya,PER,0.61781526,purbaya
138,menkeu,NOR,0.38703296,menkeu
138,purbaya,PER,0.50556874,purbaya
139,menkeu purba,NOR,0.6989257,menkeu purbaya
139,pemerintahan,NOR,0.7090636,pemerintahan
139,prabowo,PER,0.98781,prabowo
140,menkeu,NOR,0.615823,menkeu
140,purbaya,PER,0.7175389,purbaya
141,menkeu,NOR,0.71236724,menkeu
141,purba,PER,0.819924,purba
141,kode,PER,0.8439033,kode
141,prabowo,PER,0.7781716,prabowo
142,menkeu,NOR,0.66520727,menkeu
142,purba,PER,0.39840963,purba
143,menkeu,NOR,0.59079844,menkeu
144,purba,PER,0.9160339,purba
145,menke,NOR,0.5670426,menkeu
145,##u,ORG,0.49700734,##u
145,purba,PER,0.6424112,purba
145,prabowo,PER,0.99678975,prabowo
146,menkeu,NOR,0.73063916,menkeu
146,purba,PER,0.46732453,purba
147,gubernur,NOR,0.77026874,gubernur
147,purba,PER,0.96247715,purba
148,menkeu,NOR,0.70741755,menkeu
148,purba,PER,0.41569307,purba
149,pramono,PER,0.9483497,pramono
149,men,PER,0.364192,men
149,##keu,NOR,0.31003863,##keu
149,purba,PER,0.5297259,purba
151,purbaya,PER,0.9053923,purbaya
151,anggito,PER,0.8731002,anggito
151,ketua lps,ORG,0.6132502,ketua lps
151,presiden,NOR,0.6175271,presiden
152,menkeu,NOR,0.7274878,menkeu
152,purbaya,PER,0.48680806,purbaya
152,anggito abimanyu,PER,0.9728295,anggito abimanyu
152,ketua,NOR,0.48045084,ketua
152,dewan komisioner lps,ORG,0.73538154,dewan komisioner lps
153,menkeu,NOR,0.7272765,menkeu
153,purbaya,PER,0.45421213,purbaya
154,ida yulidina,PER,0.9916694,ida yulidina
154,menkeu,NOR,0.7813263,menkeu
154,purba,PER,0.6369387,purba
155,##keu,NOR,0.35377353,##keu
156,purba,PER,0.5536285,purba
157,menke,NOR,0.57176346,menkeu
157,##u,ORG,0.54101706,##u
157,purba,PER,0.52539647,purba
157,tim akselerasi program prioritas,ORG,0.888929,tim akselerasi program prioritas
157,prabowo,PER,0.9828242,prabowo
158,karir purbaya,PER,0.7134346,karir purbaya
158,menteri keuangan,NOR,0.82888913,menteri keuangan
159,purbaya,PER,0.8865051,purbaya
159,lps,ORG,0.70074296,lps
160,purba,PER,0.9706405,purba
160,menteri keuangan,NOR,0.94532406,menteri keuangan
161,purba,PER,0.977183,purba
161,menteri keuangan,NOR,0.9143133,menteri keuangan
161,gede,PER,0.9785074,gede
162,menke,NOR,0.7030313,menkeu
162,##u purba,ORG,0.5525925,##keu purba
163,menkeu,NOR,0.62489396,menkeu
163,purbaya,ORG,0.3983559,purbaya
164,luhut,PER,0.96508694,luhut
164,menkeu purba,NOR,0.50133556,menkeu purbaya
164,prabowo,PER,0.9952402,prabowo
165,pr,NOR,0.6266223,pr
165,men,ORG,0.2405459,men
165,##keu,NOR,0.5927168,##keu
165,purba,PER,0.5664433,purba
165,apindo,PER,0.75124806,apindo
166,menteri keuangan,NOR,0.9262794,menteri keuangan
166,purba,PER,0.72813964,purba
167,purba,PER,0.70550954,purba
167,menteri keuangan,NOR,0.7387352,menteri keuangan
167,indef,PER,0.8787178,indef
168,menkeu,NOR,0.59801507,menkeu
168,purba,ORG,0.4059958,purba
169,purba,PER,0.6450587,purba
169,bank himbara,ORG,0.96355253,bank himbara
170,menkeu,NOR,0.6270104,menkeu
170,purba,PER,0.4721321,purba
171,menkeu,NOR,0.70968133,menkeu
171,purba,PER,0.52518326,purba
171,lu,PER,0.994501,lu
172,himbara,PER,0.5698609,himbara
172,menke,NOR,0.5777915,menkeu
172,##u purbaya,ORG,0.65026766,##keu purbaya
172,pemerintah,NOR,0.7259504,pemerintahan
172,bank daerah,ORG,0.85536504,bank daerah
173,menkeu,NOR,0.7949123,menkeu
173,purba,PER,0.6653323,purba
173,pns,NOR,0.5606909,pns
174,purba,PER,0.9241479,purba
175,purba,PER,0.9443986,purba
177,purba,PER,0.5815721,purba
178,menkeu,NOR,0.6575859,menkeu
178,purbaya rama,PER,0.6809835,purbaya rama
179,purba,PER,0.57602125,purba
179,bgn,ORG,0.37985134,bgn
180,purba,PER,0.8800467,purba
181,prabowo,PER,0.99657756,prabowo
181,menkeu purba,NOR,0.7288588,menkeu purbaya
182,##u,ORG,0.5045062,##u
182,purba,PER,0.49765778,purba
183,men,NOR,0.72975844,men
183,##keu purba,ORG,0.6168553,##keu purbaya
184,purba,PER,0.871315,purba
184,bea cukai,NOR,0.58475864,bea cukai
185,hotman paris,ORG,0.64483905,hotman paris
185,menkeu,NOR,0.656344,menkeu
185,purba,PER,0.3250858,purba
186,menke,NOR,0.56085265,menkeu
186,##u purba,ORG,0.44172868,##keu purba
187,tompi,PER,0.71160424,tompi
187,men,NOR,0.5755524,men
187,##keu purba,ORG,0.58486444,##keu purbaya
187,bank,ORG,0.58377147,bank
188,himbara,PER,0.26979664,himbara
188,purba,PER,0.98240894,purba
189,purba,PER,0.82042646,purba
189,dpr,NOR,0.98583084,dpr
190,ahmad dofiri,PER,0.9695202,ahmad dofiri
191,menke,NOR,0.66045946,menkeu
191,##u,ORG,0.534209,##u
191,purba,PER,0.36143956,purba
191,kop,ORG,0.41073924,kop
192,him,PER,0.5833791,him
192,##bara,ORG,0.45260152,##bara
192,men,NOR,0.6972963,men
192,##keu purba,ORG,0.6807812,##keu purbaya
193,sby,PER,0.99181926,sby
193,jokowi,PER,0.9939855,jokowi
194,menke,NOR,0.6164795,menkeu
194,##u,ORG,0.4975459,##u
194,purba,PER,0.44817927,purba
195,menkeu,NOR,0.616939,menkeu
195,purbaya,ORG,0.39412594,purbaya
195,he,PER,0.9109221,he
196,singgung sri mulyani,PER,0.8828756,singgung sri mulyani
196,cia,NOR,0.5011544,cia
196,menteri keuangan,NOR,0.9743922,menteri keuangan
196,purbaya,PER,0.73107684,purbaya
197,money,ORG,0.28389394,money
197,purba,PER,0.8594251,purba
197,dpr,NOR,0.967525,dpr
197,sri mulyani,PER,0.99249345,sri mulyani
197,kemenkeu,NOR,0.949394,kemenkeu
198,dpr,NOR,0.97659636,dpr
198,menteri keuangan,NOR,0.9478532,menteri keuangan
198,purbaya,PER,0.91726303,purbaya
199,menkeu,NOR,0.80577785,menkeu
199,purbaya,PER,0.49200034,purbaya
200,menkeu,NOR,0.71683234,menkeu
200,purba,ORG,0.32956707,purba
201,menkeu purba,NOR,0.615307,menkeu purbaya
202,ihsg,ORG,0.48208705,ihsg
202,menke,NOR,0.6427007,menkeu
202,##u purba,ORG,0.47124898,##keu purba
203,purba,PER,0.6725707,purba
204,menkeu,NOR,0.72655654,menkeu
204,purbaya,PER,0.5057428,purbaya
204,pemerintah,NOR,0.9612715,pemerintahan
205,menke,NOR,0.56275034,menkeu
205,##u purba,ORG,0.51064634,##keu purba
207,misbakhun,PER,0.9882505,misbakhun
207,menkeu purba,NOR,0.73699915,menkeu purbaya
208,muzakir manaf,PER,0.968183,muzakir manaf
208,menteri,NOR,0.6458202,menteri
208,purba,PER,0.57371104,purba
209,teddy,PER,0.98611337,teddy
209,dasco,PER,0.95568347,dasco
209,purbaya,PER,0.90798235,purbaya
209,mend,NOR,0.95061684,mend
209,##agri,NOR,0.72899795,##agri
209,dpr,NOR,0.988364,dpr
210,pramono,PER,0.9655248,pramono
210,menkeu,NOR,0.6511779,menkeu
210,purba,ORG,0.47804153,purba
211,anggito abimanyu,PER,0.92144793,anggito abimanyu
211,purbaya,PER,0.7138121,purbaya
211,ketua dewan komisioner lps,ORG,0.73514545,ketua dewan komisioner lps
212,menkeu,NOR,0.6273114,menkeu
212,purba,PER,0.3462798,purba
212,ahok,PER,0.9511642,ahok
213,purbaya,PER,0.8540567,purbaya
213,bank jakarta,ORG,0.9782826,bank jakarta &
214,gubernur sumbar,NOR,0.9817393,gubernur sumbar
214,menkeu,NOR,0.87194115,menkeu
214,purba,PER,0.3164128,purba
215,dirjen pajak,NOR,0.6671648,dirjen pajak
215,purba,PER,0.93166614,purba
216,kemenkeu,NOR,0.825213,kemenkeu
217,menkeu purba,NOR,0.718456,menkeu purbaya
218,menkeu purba,NOR,0.5907911,menkeu purbaya
219,menkeu purba,NOR,0.69575024,menkeu purbaya
219,dedi mulyadi,PER,0.9800413,dedi mulyadi
219,pemda,NOR,0.8857495,pemda
220,purba,PER,0.9701073,purba
220,db,NOR,0.23519026,db
220,##h,ORG,0.20603183,##h
221,pns,NOR,0.77457345,pns
221,bkn,NOR,0.8040002,bkn
221,menkeu,NOR,0.6657641,menkeu
221,purba,ORG,0.60323805,purba
222,menkeu,NOR,0.6121202,menkeu
222,purbaya,PER,0.3651638,purbaya
223,luhut,PER,0.7916931,luhut
223,purba,PER,0.91858137,purba
225,misbakhun,PER,0.9884472,misbakhun
225,menkeu purba,NOR,0.65847576,menkeu purbaya
225,##ya,ORG,0.3460452,##ya
226,purba,PER,0.6260078,purba
226,ketua komisi xi,NOR,0.93525213,ketua komisi xi
227,pertamina,ORG,0.9500543,pertamina
228,purbaya,PER,0.93970275,purbaya
229,menkeu purba,NOR,0.80697906,menkeu purbaya
229,##ya,ORG,0.42665178,##ya
229,kpk,NOR,0.89378095,kpk
229,bank himbara,ORG,0.9023604,bank himbara
230,men,NOR,0.64667964,men
230,##keu purba,ORG,0.5900257,##keu purbaya
231,him,PER,0.63462806,him
231,##bara,ORG,0.39510992,##bara
231,purbaya,PER,0.7279822,purbaya
233,menkeu,NOR,0.7368169,menkeu
233,purba,PER,0.7832854,purba
233,tutut soeharto,PER,0.79073,tutut soeharto
233,menkeu,NOR,0.858449,menkeu
235,menke,NOR,0.60088634,menkeu
235,##u,ORG,0.52557254,##u
235,purba,PER,0.33483404,purba
236,itb,ORG,0.6321573,itb
236,menkeu purba,NOR,0.4446118,menkeu purbaya
237,bank,ORG,0.36057034,bank
238,menke,NOR,0.65051246,menkeu
239,bank,ORG,0.5425416,bank
239,men,NOR,0.702407,men
239,##keu,ORG,0.54099303,##keu
239,purba,PER,0.45363894,purba
240,menkeu purba,NOR,0.5927596,menkeu purbaya
241,sri mulyani,PER,0.9917741,sri mulyani
241,menkeu,NOR,0.6234807,menkeu
241,purba,ORG,0.4552046,purba
241,bank himbara,ORG,0.9664714,bank himbara
242,menkeu,NOR,0.84617275,menkeu
242,purba,PER,0.4653628,purba
242,wagub kalteng,NOR,0.8832731,wagub kalteng
243,pr,NOR,0.6880842,pr
243,men,ORG,0.4710823,men
243,##ke,NOR,0.31938127,##ke
244,men,NOR,0.58987635,men
244,##keu,ORG,0.60000694,##keu
244,purba,PER,0.42952612,purba
245,menke,NOR,0.59246755,menkeu
245,##u purbaya,ORG,0.5366411,##keu purbaya
245,bupati lumajang,NOR,0.9566957,bupati lumajang
246,bi,ORG,0.9622536,bi
247,cia,NOR,0.39939392,cia
247,menkeu,NOR,0.5322074,menkeu
247,purba,PER,0.5510582,purba
248,menke,NOR,0.57724607,menkeu
248,##u,ORG,0.5819955,##u
248,pemerintah,NOR,0.89725447,pemerintahan
248,bi,ORG,0.9283915,bi
249,mahasiswa ui,ORG,0.9461312,mahasiswa ui
249,menkeu purba,NOR,0.5941177,menkeu purbaya
250,sri mulyani,PER,0.9929053,sri mulyani
250,purba,PER,0.94545317,purba
251,reshuffle kabinet,NOR,0.7170367,reshuffle kabinet
251,prabowo,PER,0.99611413,prabowo
251,purbaya,PER,0.8479918,purbaya
251,sri mulyani,PER,0.99191827,sri mulyani
251,ferry juliantono,PER,0.98526335,ferry juliantono
251,budi arie,PER,0.9842366,budie arie
252,menkeu,NOR,0.6885691,menkeu
252,purbaya,ORG,0.46132872,purbaya
252,sor,PER,0.4539265,sor
252,##oti,ORG,0.39386287,##oti
252,lp,ORG,0.3618775,lp
253,menkeu purba,NOR,0.60408306,menkeu purbaya
253,##ya,ORG,0.5786601,##ya
254,bank himbara,ORG,0.7083674,bank himbara
254,purba,PER,0.96366984,purba
254,bt,PER,0.4949143,bt
254,##n,ORG,0.3873218,##n
255,bank,ORG,0.8265363,bank
255,purba,PER,0.92432135,purba
256,seloroh purba,PER,0.957751,seloroh purba
256,menkeu,NOR,0.59945244,menkeu
256,##s,ORG,0.43225235,##s
257,menke,NOR,0.6694982,menkeu
257,##u purbaya,ORG,0.6588972,##keu purbaya
259,purbaya,PER,0.8949145,purbaya
259,kdm,ORG,0.4627024,kdm
260,menkeu purba,NOR,0.72994924,menkeu purbaya
261,menkeu,NOR,0.77291447,menkeu
261,purba,PER,0.71439046,purba
262,pramono,PER,0.95594466,pramono
262,menkeu,NOR,0.736981,menkeu
262,purbaya,PER,0.6097232,purbaya
263,pemerintah,NOR,0.9471045,pemerintahan
263,purba,PER,0.7622961,purba
263,bank mandiri,ORG,0.97339606,bank mandiri
264,purba,PER,0.8808478,purba
264,luhut,PER,0.9080775,luhut
265,ketua komisi xi dpr,NOR,0.9717263,ketua komisi xi dpr
265,sentil purbaya,PER,0.82984304,sentil purbaya
266,bahlil,PER,0.41086316,bahlil
268,menkeu,NOR,0.76862353,menkeu
268,menteri koboi,NOR,0.8035571,menteri koboi
269,purbaya bantah,PER,0.8560121,purbaya bantah
269,bank,ORG,0.5199197,bank
270,ray dalio,PER,0.9778841,ray dalio
271,purba,PER,0.9635058,purba
272,menkeu,NOR,0.7068055,menkeu
272,purbaya sidak,PER,0.90964854,purbaya sidak
272,bni,ORG,0.5349464,bni
273,menkeu purba,NOR,0.72081745,menkeu purbaya
273,##ya,ORG,0.31321567,##ya
274,menkeu,NOR,0.55819726,menkeu
274,purba,PER,0.29193377,purba
275,purba,PER,0.48687342,purba
276,sri,PER,0.24517381,sri
276,##ni,ORG,0.24019767,##ni
276,menkeu,NOR,0.8162463,menkeu
276,purba,PER,0.5891921,purba
277,menke,NOR,0.676044,menkeu
277,##u purbaya,ORG,0.42928353,##keu purbaya
278,menke,NOR,0.61254823,menkeu
278,##u purba,ORG,0.56162226,##keu purba
279,ida yulidina,PER,0.9864721,ida yulidina
279,menkeu,NOR,0.63042647,menkeu
279,purbaya,PER,0.5523457,purbaya
280,menke,NOR,0.69406426,menkeu
280,##u,ORG,0.59185916,##u
280,purba,PER,0.44320455,purba
281,men,NOR,0.4994087,men
281,purbaya,PER,0.7816052,purbaya
281,tutut soeharto,PER,0.83071876,tutut soeharto
282,men,NOR,0.45908123,men
282,##keu,ORG,0.7787044,##keu
282,purba,PER,0.55233085,purba
282,dirut bank himbara,ORG,0.927571,dirut bank himbara
283,men,NOR,0.6925531,men
283,##keu purba,ORG,0.5523445,##keu purbaya
283,bank himbara,ORG,0.758956,bank himbara
284,luhut,PER,0.96500534,luhut
284,purba,PER,0.9397551,purba
285,menkeu,NOR,0.74588996,menkeu
285,purba,ORG,0.314642,purba
286,menteri keuangan,NOR,0.94262916,menteri keuangan
286,purbaya,PER,0.8035083,purbaya
286,sri mulyani,PER,0.9938545,sri mulyani
287,menkeu,NOR,0.6372641,menkeu
287,purba,PER,0.47026628,purba
288,menke,NOR,0.704391,menkeu
288,##u purbaya,ORG,0.56653607,##keu purbaya
289,bank himbara,ORG,0.9844336,bank himbara
289,purba,PER,0.93673706,purba
290,kep,NOR,0.2872479,kep
290,gubernur ansar,ORG,0.61006916,gubernur ansar
290,purba,PER,0.84495467,purba
291,menke,NOR,0.5585611,menkeu
291,##u,ORG,0.4237884,##u
292,menke,NOR,0.63400334,menkeu
292,##u,ORG,0.5144825,##u
292,purba,NOR,0.3750878,purba
292,dir,NOR,0.74236155,dir
292,##ut bei,ORG,0.73562676,##ut bei
293,bank dunia,ORG,0.98369324,bank dunia
293,ri,ORG,0.5070945,ri
293,men,NOR,0.47982848,men
293,##ke,ORG,0.34102002,##ke
294,purbaya,PER,0.74553084,purbaya
295,doli,PER,0.8086183,doli
296,menkeu,NOR,0.6986115,menkeu
296,purba,ORG,0.5444467,purba
297,men,NOR,0.4605519,men
297,##keu,ORG,0.5091344,##keu
297,purbaya,PER,0.7014601,purbaya
297,anggito cs,PER,0.7645101,anggito cs
298,##ke,NOR,0.47676468,##ke
298,##u,ORG,0.35705572,##u
298,purbaya,PER,0.59575933,purbaya
298,pramono,PER,0.8718828,pramono
299,menkeu,NOR,0.8310016,menkeu
299,purba,PER,0.64163285,purba
299,gubernur sumbar,NOR,0.9836616,gubernur sumbar
300,pramono,PER,0.9300814,pramono
300,bank himbara,ORG,0.9807405,bank himbara
300,bum,NOR,0.7569589,bum
300,##d dki,ORG,0.4853598,##d dki
301,bobby nasution,PER,0.9940069,bobby nasution
302,luhut,PER,0.85226655,luhut
302,menke,NOR,0.66228765,menkeu
302,##u purba,ORG,0.49815792,##keu purba
303,purba,PER,0.77151275,purba
303,dirjen bea cukai,NOR,0.75237006,dirjen bea cukai
304,purba,PER,0.47128347,purba
304,fl,ORG,0.54562527,fl
305,purba,PER,0.98063666,purba
305,el,PER,0.53535575,el
306,menke,NOR,0.4846778,menkeu
306,##u purba,ORG,0.5240751,##keu purba
306,pertamina,ORG,0.94837874,pertamina
307,purba,PER,0.92963195,purba
307,dirjen anggaran,NOR,0.64525765,dirjen anggaran
308,purba,PER,0.727037,purba
309,purbaya,PER,0.82317674,purbaya
310,purba,PER,0.6242213,purba
310,tantang rocky gerung,PER,0.70380056,tantang rocky gerung
311,purbaya,PER,0.72122115,purbaya
311,anggito,PER,0.8796387,anggito
311,ketua dk lps,ORG,0.7378907,ketua dk lps
312,ketua komisi xi,NOR,0.90707093,ketua komisi xi
312,purba,PER,0.64139223,purba
312,perb,PER,0.276798,perb
312,##aiki coretax,ORG,0.5999058,##aiki coretax
313,menke,NOR,0.6553937,menkeu
313,##u purbaya,ORG,0.6441831,##keu purbaya
313,hotman paris,PER,0.77752304,hotman paris
314,anggito,PER,0.855499,anggito
314,wamenkeu,ORG,0.52249044,wamenkeu
314,lps,ORG,0.7809639,lps
314,menkeu,NOR,0.61573875,menkeu
314,purba,PER,0.66527873,purba
315,dpr,NOR,0.9897856,dpr
316,purbaya,PER,0.89365774,purbaya
316,dpr,NOR,0.9702581,dpr
317,bangga,NOR,0.76030856,bangga
317,dpr,NOR,0.9031807,dpr
317,menkeu,NOR,0.8700952,menkeu
317,purba,PER,0.6222561,purba
318,menkeu,NOR,0.55208874,menkeu
318,purba,PER,0.5840542,purba
319,guru besar uns,ORG,0.6759004,guru besar uns
320,menke,NOR,0.5112071,menkeu
320,##u,ORG,0.34879792,##u
320,purba,PER,0.576508,purba
321,bank himbara,ORG,0.9519107,bank himbara
321,tyler robinson,PER,0.9531895,tyler robinson
322,bumn,ORG,0.676266,bumn
322,menke,NOR,0.66762507,menkeu
322,##u,ORG,0.5264871,##u
322,purba,PER,0.55077976,purba
324,men,NOR,0.6677609,men
324,##keu purbaya,ORG,0.5079237,##keu purbaya
324,bank himbara,ORG,0.7571952,bank himbara
325,menkeu,NOR,0.71281266,menkeu
325,purbaya,PER,0.5017948,purbaya
325,kementerian,NOR,0.7871917,kementerian
326,menkeu,NOR,0.82448936,menkeu
326,sri mulyani,PER,0.9929459,sri mulyani
326,purba,PER,0.98010683,purba
327,menteri keuangan,NOR,0.8845063,menteri keuangan
327,purbaya puji sri mulyani,PER,0.9845272,purbaya puji sri mulyani
328,purba,PER,0.71721405,purba
328,sri mulyani,PER,0.9758506,sri mulyani
329,purbaya,PER,0.8933486,purbaya
329,sri mulyani,PER,0.9889319,sri mulyani
330,btn,ORG,0.8442745,btn
330,pemerintah,NOR,0.9525206,pemerintahan
330,menkeu,NOR,0.7760294,menkeu
330,purbaya,ORG,0.47639203,purbaya
331,purbaya,PER,0.88064134,purbaya
331,bank himbara,ORG,0.9727203,bank himbara
332,bank bjb,ORG,0.95839924,bank bjb
332,purba,PER,0.5215511,purba
332,himbara,PER,0.5409814,himbara
332,kemenkeu,NOR,0.68859214,kemenkeu
333,seskab teddy,ORG,0.66067076,seskab teddy
334,menke,NOR,0.60473526,menkeu
334,##u,ORG,0.46947917,##u
334,purbaya,PER,0.58012354,purbaya
334,lps,ORG,0.5413119,lps
335,menke,NOR,0.53532624,menkeu
335,##u,ORG,0.429102,##u
335,purba,PER,0.6128281,purba
336,anggito abimanyu,PER,0.96289235,anggito abimanyu
336,ketua lps,ORG,0.70297575,ketua lps
336,purbaya,PER,0.7595025,purbaya
337,purbaya,PER,0.9475415,purbaya
337,anggito abimanyu,PER,0.90744805,anggito abimanyu
337,lps,ORG,0.70342976,lps
337,kemenkeu,NOR,0.8279571,kemenkeu
338,pemda,NOR,0.95759547,pemda
338,menkeu purba,NOR,0.71265775,menkeu purbaya
339,menkeu,NOR,0.66602135,menkeu
339,purba,PER,0.35377198,purba
340,pramono,PER,0.84100574,pramono
341,menke,NOR,0.71862686,menkeu
341,##u purbaya,ORG,0.5294909,##keu purbaya
341,pemerintah,NOR,0.78210783,pemerintahan
341,bank jakarta,ORG,0.93954897,bank jakarta &
342,menkeu,NOR,0.70220023,menkeu
342,purba,PER,0.66965026,purba
342,temui,PER,0.6929125,temui
342,pramono,PER,0.83638775,pramono
343,purbaya sidak,PER,0.69057333,purbaya sidak
343,bank mandiri,ORG,0.9899977,bank mandiri
344,menkeu,NOR,0.7051141,menkeu
345,purba,PER,0.68380165,purba
346,bah,PER,0.4746783,bah
346,##lil,ORG,0.29591796,##lil
346,menteri koboi,NOR,0.79509264,menteri koboi
346,purba,PER,0.43114206,purba
347,bahlil,PER,0.90809715,bahlil
348,purbaya,PER,0.9746916,purbaya
348,airlangga,PER,0.9886974,airlangga
348,kantor danantara,ORG,0.9156713,kantor danantara
349,purbaya,PER,0.69452727,purbaya
350,menkeu purba,NOR,0.76888716,menkeu purbaya
351,pemda,NOR,0.6242039,pemda
352,dpr,NOR,0.9862899,dpr
352,anggito abimanyu,PER,0.94434386,anggito abimanyu
352,ketua,NOR,0.6218434,ketua
352,dewan komisioner lps,ORG,0.6596668,dewan komisioner lps
352,purba,PER,0.92624444,purba
353,menkeu,NOR,0.71262056,menkeu
353,purba,PER,0.5130509,purba
354,purba,PER,0.8457386,purba
355,menkeu,NOR,0.6836608,menkeu
355,purba,ORG,0.51249343,purba
356,bos bi sambut,ORG,0.58853203,bos bi sambut
356,men,NOR,0.5717664,men
356,##keu,ORG,0.5524285,##keu
356,purba,PER,0.54177564,purba
356,##ya,ORG,0.43808815,##ya
356,him,PER,0.61275345,him
357,menkeu purba,NOR,0.5831517,menkeu purbaya
357,##ya,ORG,0.49483383,##ya
358,purba,PER,0.85303247,purba
358,dirut bank,ORG,0.72886515,dirut bank
359,zulhas,PER,0.9749325,zulhas
359,purbaya,PER,0.708679,purbaya
359,kop,ORG,0.26194376,kop
360,bsi,ORG,0.8625573,bsi
360,menkeu,NOR,0.66662806,menkeu
360,purba,ORG,0.5968696,purba
361,plus,PER,0.48483503,plus
361,minus,PER,0.7227949,minus
361,menke,NOR,0.60458434,menkeu
361,##u,ORG,0.54724383,##u
361,purbaya,PER,0.3861343,purbaya
361,bank himbara,ORG,0.9825924,bank himbara
362,jokowi,PER,0.99516934,jokowi
362,pak purbaya mahzabn,PER,0.8164751,pak purbaya mahzabn
362,sri mulyani,PER,0.9917097,sri mulyani
363,menke,NOR,0.39135867,menkeu
363,##u,ORG,0.43962732,##u
363,purba,PER,0.43888852,purba
363,ri,PER,0.4042868,ri
364,menkeu,NOR,0.62858343,menkeu
364,purba,PER,0.29745346,purba
365,menke,NOR,0.711672,menkeu
365,##u purbaya,ORG,0.47359407,##keu purbaya
366,menteri keuangan,NOR,0.88322735,menteri keuangan
366,purbaya,PER,0.5192137,purbaya
367,res,NOR,0.7419704,res
367,##ffle kabinet,NOR,0.635113,##ffle kabinet
367,prabowo,PER,0.96614563,prabowo
367,singgung sri mulyani,PER,0.9131565,singgung sri mulyani
367,purba,PER,0.9676449,purba
368,menkeu,NOR,0.46201482,menkeu
368,purba,PER,0.3807284,purba
369,sri mulyani,PER,0.99340206,sri mulyani
369,menkeu,NOR,0.69957227,menkeu
369,purba,PER,0.9232297,purba
369,presiden,PER,0.43131387,presiden
370,bank bumn,ORG,0.89236236,bank bumn
370,menke,NOR,0.63300586,menkeu
370,##u purba,ORG,0.52644134,##keu purba
371,purba,PER,0.88791084,purba
372,men,NOR,0.66776353,men
372,##keu purba,ORG,0.55055285,##keu purbaya
373,menkeu purba,NOR,0.66865045,menkeu purbaya
374,men,NOR,0.6279556,men
374,##keu purbaya,ORG,0.6518832,##keu purbaya
375,bank,ORG,0.7556026,bank
375,men,NOR,0.50408584,men
375,##keu purba,ORG,0.7061644,##keu purbaya
376,men,NOR,0.5464417,men
376,##u,ORG,0.4915086,##u
376,purba,PER,0.65372854,purba
377,menke,NOR,0.46466333,menkeu
377,##u,ORG,0.45590916,##u
378,menke,NOR,0.48185158,menkeu
378,##u,ORG,0.47085533,##u
378,purba,PER,0.6001169,purba
379,menkeu,NOR,0.64971626,menkeu
379,purba,PER,0.7970088,purba
379,sidak bank bumn,ORG,0.5650648,sidak bank bumn
380,purba,PER,0.6062483,purba
381,menkeu,NOR,0.62626487,menkeu
382,menkeu,NOR,0.5175051,menkeu
382,jokowi,PER,0.9960127,jokowi
382,sri mulyani,PER,0.9929156,sri mulyani
383,menkeu,NOR,0.61166686,menkeu
383,purba,PER,0.7950416,purba
383,dpr,NOR,0.9873338,dpr
384,purba,PER,0.803939,purba
384,men,NOR,0.4867144,men
384,sri mulyani,PER,0.9952111,sri mulyani
386,menkeu,NOR,0.6742006,menkeu
386,purba,PER,0.4312061,purba
386,ahok,PER,0.9356609,ahok
387,meteor,PER,0.4196058,meteor
387,luhut,PER,0.8621795,luhut
388,prabowo,PER,0.99567956,prabowo
388,sapa dedi mulyadi,PER,0.8070458,sapa dedi mulyadi
388,menkeu purba,NOR,0.7723588,menkeu purbaya
389,hotman paris,ORG,0.86408836,hotman paris
389,men,NOR,0.60753447,men
389,##keu purba,ORG,0.55775833,##keu purbaya
390,hotman paris,PER,0.6312538,hotman paris
390,purba,PER,0.9405451,purba
392,bg,ORG,0.33498496,bg
393,qodari,PER,0.9599988,qodari
393,purba,PER,0.7054491,purba
394,purba,PER,0.9258373,purba
394,dirut bank,ORG,0.8440337,dirut bank
395,men,NOR,0.5566318,men
395,##keu purba,ORG,0.4671599,##keu purbaya
398,purba,PER,0.9538747,purba
399,dpr,NOR,0.9883096,dpr
399,menkeu,NOR,0.90459853,menkeu
399,purba,PER,0.6437271,purba
400,hotman paris,ORG,0.9354462,hotman paris
402,anggito abimanyu,PER,0.9638786,anggito abimanyu
402,lps,ORG,0.8933187,lps
402,purbaya,PER,0.81970716,purbaya
403,menkeu,NOR,0.7162073,menkeu
403,purba,PER,0.5761095,purba
403,satgas blbi,ORG,0.69823647,satgas blbi
404,menkeu,NOR,0.60970813,menkeu
404,purba,PER,0.6832895,purba
404,prabowo,PER,0.9957676,prabowo
405,men,NOR,0.5218048,men
405,sby,PER,0.99509144,sby
405,jokowi,PER,0.994477,jokowi
406,menkeu,NOR,0.59325415,menkeu
406,purba,PER,0.530815,purba
407,ekonom ui,ORG,0.8775531,ekonom ui
407,purba,PER,0.92302203,purba
408,men,NOR,0.521103,men
408,##u,ORG,0.35995165,##u
409,purba,PER,0.93786293,purba
409,dirjen pajak,NOR,0.9202554,dirjen pajak
410,purba,PER,0.6708657,purba
411,purbaya,PER,0.87843555,purbaya
411,coreta,ORG,0.301719,coretax
412,dirjen kemenkeu,NOR,0.8909863,dirjen kemenkeu
412,purbaya,PER,0.8313259,purbaya
413,tut,NOR,0.4232194,tut
413,soeharto,PER,0.8073613,soeharto
413,menkeu,NOR,0.7361097,menkeu
413,purba,PER,0.5462407,purba
414,purbaya,PER,0.8974209,purbaya
414,lps,ORG,0.60614395,lps
415,purba,PER,0.9443975,purba
415,indef,PER,0.7836866,indef
416,purbaya,PER,0.9450283,purbaya
416,menke,NOR,0.4803893,menkeu
416,##u,ORG,0.39019263,##u
417,sri mulyani,PER,0.9957848,sri mulyani
417,menkeu,NOR,0.7095626,menkeu
417,menteri,NOR,0.73185116,menteri
417,purba,PER,0.6410107,purba
418,purba,PER,0.9343607,purba
418,gu,PER,0.7926763,gu
418,miki,PER,0.6205441,miki
419,purba,PER,0.9586598,purba
419,##sg,ORG,0.5460955,##sg
420,purbaya,PER,0.7778013,purbaya
420,bei,ORG,0.8589576,bei
422,mahfud md puji purbaya,PER,0.96625596,mahfud md puji purbaya
423,full,PER,0.37984517,full
423,pramono,PER,0.4377041,pramono
423,purba,PER,0.83149284,purba
424,bi,ORG,0.4000107,bi
425,menkeu,NOR,0.6386171,menkeu
425,purba,PER,0.51075286,purba
425,kepala bgn,ORG,0.8709758,kepala bgn
426,menkeu,NOR,0.6974273,menkeu
426,pemerintah,NOR,0.9811164,pemerintahan
427,menkeu,NOR,0.5318089,menkeu
427,purba,PER,0.6111326,purba
427,sumitronomics,ORG,0.76193523,sumitronomics
428,duet,PER,0.69855946,duet
428,purbaya,PER,0.6251972,purbaya
428,airlangga,PER,0.97896284,airlangga
430,purba,PER,0.5193118,purba
430,dana,ORG,0.44369328,dana
431,pramono,PER,0.8939657,pramono
432,purba,PER,0.71905845,purba
432,gubernur,NOR,0.58627164,gubernur
433,menkeu,NOR,0.63147396,menkeu
433,purba,ORG,0.33710426,purba
434,bank jakarta,ORG,0.9567238,bank jakarta &
434,men,NOR,0.64829963,men
434,##keu purba,ORG,0.5916376,##keu purbaya
435,men,NOR,0.5355241,men
435,##keu purba,ORG,0.54251856,##keu purbaya
436,purba,PER,0.8210416,purba
437,menke,NOR,0.6548132,menkeu
437,##u purba,ORG,0.48710042,##keu purba
438,##bn 202,ORG,0.3227759,##bn 202
438,menkeu,NOR,0.87318844,menkeu
438,purbaya,PER,0.47372264,purbaya
438,dpr,NOR,0.9660031,dpr
439,men,NOR,0.7525143,men
439,##keu purbaya,ORG,0.46875247,##keu purbaya
439,dirut bank pusing,ORG,0.8202116,dirut bank pusing
440,seto,PER,0.8026962,seto
440,lalu berguma,PER,0.78040105,lalu berguma
440,##keu,ORG,0.48372215,##keu
440,purba,PER,0.3702023,purba
441,men,NOR,0.61978734,men
441,##keu purba,ORG,0.6674139,##keu purbaya
441,celios,PER,0.9146071,celios
442,menke,NOR,0.65849507,menkeu
442,##u,ORG,0.49926543,##u
442,purba,PER,0.41365543,purba
442,pemerintah,NOR,0.47582725,pemerintahan
443,menkeu,NOR,0.7235389,menkeu
443,purba,PER,0.27913052,purba
444,purbaya,PER,0.72577417,purbaya
445,dedi mulyadi,PER,0.98910123,dedi mulyadi
445,purba,PER,0.9651398,purba
446,purbaya,PER,0.6818063,purbaya
446,pramono,PER,0.8437418,pramono
447,bah,PER,0.4777158,bah
448,ray dalio,PER,0.7856226,ray dalio
448,purba,PER,0.9301917,purba
449,dpr,NOR,0.9869669,dpr
449,menkeu purba,NOR,0.80604345,menkeu purbaya
449,pertamina,ORG,0.87590957,pertamina
450,menkeu purba,NOR,0.76888716,menkeu purbaya
451,##keu,NOR,0.5133997,##keu
451,ketua banggar dpr,NOR,0.90072,ketua banggar dpr
451,said abdullah,PER,0.98369414,said abdullah
452,purba,PER,0.7970135,purba
453,purbaya,PER,0.78873694,purbaya
453,dirut bank pusing,ORG,0.73921615,dirut bank pusing
454,full,PER,0.4840723,full
454,menkeu,NOR,0.6369172,menkeu
454,purbaya,PER,0.71106684,purbaya
454,sri mulyani,PER,0.99465793,sri mulyani
455,dpr,NOR,0.82686245,dpr
455,menkeu purba,NOR,0.7433004,menkeu purbaya
456,menkeu,NOR,0.7414811,menkeu
456,purbaya,PER,0.5773913,purbaya
456,anggota,NOR,0.53432643,anggota
456,dpr,NOR,0.7530972,dpr
457,menkeu purba,NOR,0.6395834,menkeu purbaya
458,menkeu,NOR,0.7475732,menkeu
458,purbaya,PER,0.6889168,purbaya
458,prabowo,PER,0.9882776,prabowo
458,sri mulyani,PER,0.99168706,sri mulyani
459,purba,PER,0.5543908,purba
459,bank himbara,ORG,0.9821487,bank himbara
460,purba,PER,0.90600014,purba
460,lo,PER,0.91442317,lo
461,ahok,PER,0.73504597,ahok
462,dirjen pajak,NOR,0.6671648,dirjen pajak
462,purba,PER,0.93166614,purba
464,gubernur,NOR,0.6267411,gubernur
465,bangun bank jakarta,ORG,0.9868991,bangun bank jakarta
465,scbd,ORG,0.85540706,scbd
465,purbaya,PER,0.7242462,purbaya
465,kemenkeu,NOR,0.5491224,kemenkeu
466,bahlil,PER,0.41086316,bahlil
467,erick thohir,PER,0.99482185,erick thohir
467,men,NOR,0.6397649,men
467,##keu purba,ORG,0.6111195,##keu purbaya
468,menke,NOR,0.51249045,menkeu
468,##u,ORG,0.45663133,##u
468,sumitronomics,ORG,0.7309452,sumitronomics
468,prabowo,PER,0.9882003,prabowo
469,menkeu,NOR,0.84102964,menkeu
469,purbaya,PER,0.3495974,purbaya
469,himbara,PER,0.88363254,himbara
470,prabowo,PER,0.9968957,prabowo
470,menkeu purba,NOR,0.70290464,menkeu purbaya
470,kementerian,NOR,0.6433792,kementerian
471,purba,PER,0.9737654,purba
471,singg,PER,0.8572626,singg
471,menke,PER,0.43358916,menkeu
471,bank himbara,ORG,0.9082239,bank himbara
472,menkeu,NOR,0.8063778,menkeu
472,purba,PER,0.75774044,purba
472,prabowo,PER,0.99305856,prabowo
472,dpr,NOR,0.9668363,dpr
473,menke,NOR,0.663404,menkeu
474,menke,NOR,0.47883016,menkeu
474,##u,ORG,0.42804366,##u
474,purba,PER,0.62547064,purba
475,menkeu,NOR,0.5665464,menkeu
475,purba,PER,0.854731,purba
475,sby,PER,0.98006976,sby
475,jokowi,PER,0.9943364,jokowi
476,menkeu purba,NOR,0.70922697,menkeu purbaya
476,##ya,ORG,0.50620383,##ya
477,menke,NOR,0.58428645,menkeu
477,##u,ORG,0.4642264,##u
477,purba,PER,0.5560057,purba
477,prabowo,PER,0.9922122,prabowo
478,menkeu,NOR,0.7613676,menkeu
478,purba,PER,0.677023,purba
478,kemenkes,NOR,0.8317065,kemenkes
479,men,NOR,0.5102401,men
479,##keu,ORG,0.58296585,##keu
479,purbaya,PER,0.6399838,purbaya
479,anggito cs,PER,0.6974642,anggito cs
480,purba,PER,0.86297756,purba
481,luhut,PER,0.93685466,luhut
481,##g,ORG,0.3869654,##g
481,menkeu,NOR,0.7036178,menkeu
481,purba,PER,0.39550456,purba
482,basuki,PER,0.9968081,basuki
482,menkeu purba,NOR,0.7485923,menkeu purbaya
482,##ya,ORG,0.5872071,##ya
483,rocky ger,PER,0.85350597,rocky ger
483,kasi,PER,0.39349753,kasi
483,purba,PER,0.89093924,purba
484,purba,PER,0.8861007,purba
485,full,PER,0.6695528,full
485,],PER,0.26150265,]
485,qodari,PER,0.90161103,qodari
485,men,NOR,0.6806574,men
485,##keu,ORG,0.4984549,##keu
485,purbaya,PER,0.6061317,purbaya
485,sri mulyani,PER,0.9824119,sri mulyani
486,menkeu,NOR,0.7000851,menkeu
486,purbaya,PER,0.74902314,purbaya
486,direksi,NOR,0.33032182,direksi
486,bank bumn,ORG,0.79862964,bank bumn
486,golf,ORG,0.5176343,golf
487,prabowo,PER,0.99719465,prabowo
487,menkeu purba,NOR,0.7366502,menkeu purbaya
487,kementerian,NOR,0.57936335,kementerian
488,dpr,NOR,0.97659636,dpr
488,menteri keuangan,NOR,0.9478532,menteri keuangan
488,purbaya,PER,0.91726303,purbaya
489,men,NOR,0.7002119,men
489,##keu,ORG,0.6362635,##keu
489,purbaya,PER,0.63117564,purbaya
489,bem ui,ORG,0.9448041,bem ui
490,puji sri mulyani,PER,0.9820999,puji sri mulyani
490,menkeu,NOR,0.8695938,menkeu
490,purbaya,PER,0.80349946,purbaya
490,kemenkeu,NOR,0.8654087,kemenkeu
491,menkeu,NOR,0.7023522,menkeu
491,purba,PER,0.42538482,purba
492,menke,NOR,0.6255011,menkeu
492,##u purbaya,ORG,0.55612874,##keu purbaya
493,bank jakarta - jatim,ORG,0.87869656,bank jakarta - jatim
493,purba,PER,0.9630527,purba
494,menkeu,NOR,0.6680818,menkeu
494,purbaya,PER,0.6838412,purbaya
494,pramono,PER,0.9087931,pramono
494,bank himbara,ORG,0.9370323,bank himbara
494,bum,NOR,0.46372885,bum
494,##d jakarta,ORG,0.47548717,##d jakarta
495,purbaya sidak,PER,0.69057333,purbaya sidak
495,bank mandiri,ORG,0.9899977,bank mandiri
497,purba,PER,0.73292667,purba
498,purbaya ancam sidak bank,ORG,0.7360226,purbaya ancam sidak bank
500,menkeu,NOR,0.56345254,menkeu
500,wni,ORG,0.5559249,wni
501,purbaya,PER,0.82465696,purbaya
502,rocky gerung,PER,0.8691411,rocky gerung
502,purbaya,PER,0.7278436,purbaya
502,jokowi,PER,0.9272545,jokowi
503,sby,PER,0.99181926,sby
503,jokowi,PER,0.9939855,jokowi
504,##keu,NOR,0.55244184,##keu
504,purbaya,PER,0.7628703,purbaya
505,menkeu,NOR,0.7388752,menkeu
505,purba,PER,0.28683642,purba
505,lps,ORG,0.5894636,lps
506,menkeu purba,NOR,0.6234226,menkeu purbaya
506,##ya,ORG,0.34248388,##ya
506,sri mulyani,PER,0.991739,sri mulyani
507,purbaya,PER,0.90648043,purbaya
507,prabowo,PER,0.99116665,prabowo
507,##keu,NOR,0.6052823,##keu
507,sri mulyani,PER,0.99382824,sri mulyani
508,purba,PER,0.93841183,purba
509,purba,PER,0.9356074,purba
510,purba,PER,0.96024454,purba
511,pemerintah,NOR,0.92397517,pemerintahan
512,purbaya,PER,0.8331145,purbaya
513,pemerintah,NOR,0.9176712,pemerintahan
513,purba,PER,0.9428538,purba
514,##ki pesantren,ORG,0.48141974,##ki pesantren
515,purba,PER,0.8513164,purba
515,daerah,ORG,0.680997,daerah
515,ojk,ORG,0.87004,ojk
517,purbaya,ORG,0.514531,purbaya
517,jami,PER,0.49306434,jami
517,##n,ORG,0.67545867,##n
518,dpr,NOR,0.98550713,dpr
518,pemda,NOR,0.9337265,pemda
519,satgas blbi,ORG,0.7656114,satgas blbi
520,men,NOR,0.5578163,men
520,##keu purba,ORG,0.66871864,##keu purbaya
520,btn,ORG,0.9350835,btn
521,prabowo,PER,0.99703443,prabowo
522,202,PER,0.32102922,202
524,purbaya,PER,0.8524163,purbaya
524,bank bumn,ORG,0.938477,bank bumn
525,purba,PER,0.87391686,purba
526,bp,NOR,0.31942543,bp
526,purba,PER,0.99099356,purba
527,purba,PER,0.87638944,purba
527,btn,ORG,0.68046874,btn
528,gubernur,NOR,0.68184626,gubernur
529,purba,PER,0.5022365,purba
529,ih,PER,0.8265089,ih
529,##s,ORG,0.24925585,##s
531,purba,PER,0.9730047,purba
531,gu,PER,0.8547888,gu
533,purba,PER,0.924359,purba
533,pasar modal,ORG,0.5979067,pasar modal
534,purba,PER,0.8483142,purba
535,purbaya,PER,0.7497083,purbaya
537,purba,PER,0.7895547,purba
538,purba,PER,0.89771396,purba
538,bpd,NOR,0.6267643,bpd
538,ojk,ORG,0.7855622,ojk
539,purba,PER,0.9857787,purba
539,bp,NOR,0.62631017,bp
539,kesehatan,NOR,0.3097338,kesehatan
540,purba,PER,0.664312,purba
540,seskab tedy,ORG,0.53003216,seskab teddy
541,purbaya,PER,0.85467553,purbaya
541,bp,NOR,0.5467837,bp
543,menke,NOR,0.57868946,menkeu
544,bos,ORG,0.5895053,bos
544,semp,PER,0.6076551,semp
544,purba,PER,0.42457694,purba
545,lps,ORG,0.9461659,lps
545,anggito abimanyu,PER,0.85585934,anggito abimanyu
545,menke,NOR,0.55668336,menkeu
545,##u,ORG,0.4087786,##u
545,purba,PER,0.7788318,purba
547,purbaya wanti,PER,0.91155267,purbaya wanti
547,bank bumn,ORG,0.65604526,bank bumn
548,menke,NOR,0.5965812,menkeu
548,##u purba,ORG,0.5032227,##keu purba
548,pt kertas leces,ORG,0.9728762,pt kertas leces
549,purba,PER,0.8265234,purba
550,purba,PER,0.6313266,purba
551,bank dunia,ORG,0.982744,bank dunia
551,ri,NOR,0.47800565,ri
551,purba,PER,0.98506945,purba
552,menkeu,NOR,0.6447832,menkeu
552,purba,PER,0.34148163,purba
552,##ya,ORG,0.5239697,##ya
552,ojk,ORG,0.845211,ojk
552,ppat,ORG,0.520137,ppat
553,prabowo,PER,0.9936986,prabowo
553,anggito abimanyu,PER,0.91759783,anggito abimanyu
553,lps,ORG,0.83904886,lps
553,purba,PER,0.9426847,purba
554,gubernur sulsel,NOR,0.98520094,gubernur sulsel
554,menkeu purba,NOR,0.7215604,menkeu purbaya
556,purba,PER,0.9513793,purba
556,anggito abimanyu,PER,0.9774778,anggito abimanyu
556,ketua,NOR,0.6322192,ketua
556,dewan komisioner lps,ORG,0.65262365,dewan komisioner lps
557,purba,PER,0.8779237,purba
557,bursa geg,ORG,0.528198,bursa geg
558,das,PER,0.66284144,das
558,purbaya,PER,0.87816226,purbaya
558,prasetyo,PER,0.97317415,prasetyo
558,tito,PER,0.9768142,tito
558,dpr,NOR,0.98746234,dpr
559,men,NOR,0.5801622,men
559,##keu purba,ORG,0.5221425,##keu purbaya
560,menkeu,NOR,0.65929693,menkeu
560,purba,PER,0.70136243,purba
560,direktorat jenderal pajak,NOR,0.62056965,direktorat jenderal pajak
561,purba,PER,0.94861114,purba
562,anggito,PER,0.9187044,anggito
562,purba,PER,0.92839783,purba
563,pramono,PER,0.74657106,pramono
564,mendagri,NOR,0.94353807,mendagri
564,purba,PER,0.56714576,purba
565,gubernur,NOR,0.5542244,gubernur
565,kantor purbaya,ORG,0.61836666,kantor purbaya
567,purba,PER,0.6708798,purba
567,lps,ORG,0.849851,lps
568,purba,PER,0.87804854,purba
568,bi,ORG,0.8469313,bi
570,purbaya,PER,0.90299815,purbaya
571,pertamina,ORG,0.974643,pertamina
573,gubernur,NOR,0.61572784,gubernur
573,menkeu,NOR,0.5135837,menkeu
573,purba,PER,0.48522878,purba
574,purba,PER,0.9666171,purba
575,gubernur,NOR,0.70719784,gubernur
575,purbaya,PER,0.7968782,purbaya
576,gubernur,NOR,0.47360855,gubernur
576,purba,PER,0.93819535,purba
577,gubernur,NOR,0.5106809,gubernur
578,pertamina,ORG,0.8533631,pertamina
579,purba,PER,0.9271434,purba
579,sri mulyani,PER,0.9869749,sri mulyani
580,gubernur aceh,NOR,0.96531475,gubernur aceh
581,purba,ORG,0.45094118,purba
582,bobby nasution,PER,0.98170704,bobby nasution
583,purba,PER,0.5009542,purba
584,purba,PER,0.7205214,purba
585,purba,PER,0.58198225,purba
586,ojk,ORG,0.89902484,ojk
586,##bd,ORG,0.5245233,##bd
586,bank jakarta,ORG,0.9043978,bank jakarta &
587,bank mandiri,ORG,0.9893466,bank mandiri
587,purba,PER,0.65621346,purba
588,purbaya ogah,PER,0.9451349,purbaya ogah
588,menteri,NOR,0.56465065,menteri
589,purbaya,PER,0.91993594,purbaya
589,dedi mulyadi,PER,0.98249173,dedi mulyadi
590,bank jakarta &,ORG,0.95074123,bank jakarta &
590,bank jatim,ORG,0.76909876,bank jatim
591,purba,PER,0.39743218,purba
592,purba,PER,0.8491871,purba
592,pramono,PER,0.7631095,pramono
593,bobby nasution,PER,0.9950784,bobby nasution
593,##ya,ORG,0.6844479,##ya
594,pramono,PER,0.9458561,pramono
594,bank,ORG,0.65960944,bank
594,bumd dki,NOR,0.54988223,bumd dki
595,purba,PER,0.5459473,purba
595,sidak bank mandiri,ORG,0.78133774,sidak bank mandiri
598,purba,PER,0.9813968,purba
599,bank bumn,ORG,0.5475644,bank bumn
600,luhut,PER,0.89977884,luhut
600,purba,PER,0.952449,purba
601,purba,PER,0.8425034,purba
601,prabowo,PER,0.98009974,prabowo
602,purbaya,PER,0.8491771,purbaya
602,dik,NOR,0.5178166,dik
602,##te bank bumn,ORG,0.64383507,##te bank bumn
603,purba,PER,0.50261277,purba
604,luhut,PER,0.8841274,luhut
605,purba,PER,0.96854085,purba
606,luhut,PER,0.9538017,luhut
606,purba,PER,0.8948466,purba
607,basuki,PER,0.9893054,basuki
607,purba,PER,0.673545,purba
608,purba,PER,0.91575533,purba
608,basuki,PER,0.993954,basuki
609,purba,PER,0.8345376,purba
610,mens,NOR,0.5090313,mens
610,pemda,NOR,0.93540657,pemda
612,menkeu purbaya,ORG,0.55077773,menkeu purbaya
613,luhut,PER,0.83609515,luhut
613,mbg,ORG,0.44971418,mbg
613,purba,PER,0.96642345,purba
614,menkeu,NOR,0.82434916,menkeu
614,australia,ORG,0.48896372,australia
614,puji,PER,0.7738108,puji
614,kang,PER,0.5777509,kang
614,##aroo bond,PER,0.329586,##aroo bond
615,purba,PER,0.40133402,purba
616,purbaya,PER,0.68386734,purbaya
616,basuki,PER,0.994224,basuki
616,ik,ORG,0.2619396,ik
616,kemensetneg,NOR,0.81063926,kemensetneg
617,pemerintah,NOR,0.96440613,pemerintahan
618,purba,PER,0.89084935,purba
619,purba,PER,0.73488414,purba
620,purba,PER,0.97867566,purba
621,men,NOR,0.62220097,men
622,menkeu purba,NOR,0.77412426,menkeu purbaya
622,basuki,PER,0.99338174,basuki
624,purbaya,PER,0.83009005,purbaya
625,men,NOR,0.7389959,men
625,##keu purbaya,ORG,0.6176919,##keu purbaya
627,purbaya,PER,0.65713084,purbaya
629,purba,PER,0.9335432,purba
630,airlangga,PER,0.97828203,airlangga
630,purbaya,PER,0.87711227,purbaya
630,yassierli,PER,0.96999013,yassierli
630,danantara,ORG,0.5986252,danantara
631,purba,PER,0.85671675,purba
631,menak,PER,0.68574256,menak
634,purbaya,PER,0.71691763,purbaya
635,ray dalio,PER,0.9781324,ray dalio
635,purba,PER,0.91359895,purba
635,##to,ORG,0.3149052,##to
636,purba,PER,0.90404975,purba
638,bahlil,PER,0.4981967,bahlil
640,purbaya sidak,PER,0.71054035,purbaya sidak
640,kantor bni,ORG,0.83016616,kantor bni
642,kemenperin,NOR,0.9161384,kemenperin
642,happy purbaya,PER,0.9123815,happy purbaya
644,asosiasi e - commerce happy purbaya,ORG,0.96510834,asosiasi e - commerce happy purbaya
645,bahlil tuding purba,PER,0.6364959,bahlil tuding purba
646,ketua komisi xi dpr,NOR,0.96999085,ketua komisi xi dpr
646,purba,PER,0.97920996,purba
647,bahlil,PER,0.3131576,bahlil
647,purba,PER,0.5860382,purba
648,bahlil duga purba,PER,0.76711285,bahlil duga purba
649,menkeu,NOR,0.64542115,menkeu
649,purba,PER,0.6020107,purba
649,bahlil,PER,0.9216145,bahlil
650,menkeu,NOR,0.795499,menkeu
650,purbaya,PER,0.5091454,purbaya
651,men,NOR,0.5023395,men
651,##keu purba,ORG,0.68746775,##keu purbaya
652,purba,PER,0.884967,purba
652,bahlil,PER,0.86832404,bahlil
653,men,NOR,0.5979101,men
653,##keu purbaya,ORG,0.6758796,##keu purbaya
654,purbaya,PER,0.71979964,purbaya
655,men,NOR,0.5203111,men
655,##u purba,ORG,0.4510696,##keu purba
656,purba,PER,0.9307362,purba
657,purbaya,PER,0.84554774,purbaya
658,asosiasi e - commerce,ORG,0.79179853,asosiasi e - commerce
660,men,NOR,0.55882627,men
660,##keu,ORG,0.51800036,##keu
661,pemerintah,NOR,0.84195787,pemerintahan
662,purbaya bantah,PER,0.93324596,purbaya bantah
662,bank bumn,ORG,0.66998494,bank bumn
663,sri mulyani,PER,0.99162555,sri mulyani
663,purba,PER,0.816115,purba
663,kemenkeu,NOR,0.8683557,kemenkeu
664,menkeu,NOR,0.7172022,menkeu
664,purba,PER,0.4104124,purba
664,dpr,NOR,0.96957135,dpr
666,purba,PER,0.59745604,purba
666,ri,NOR,0.63682276,ri
667,purba,PER,0.89717406,purba
668,purba,PER,0.697802,purba
669,purba,PER,0.45856273,purba
669,bank bumn,ORG,0.7863414,bank bumn
670,kemenperin,NOR,0.79989976,kemenperin
671,petani,ORG,0.65290827,petani
673,purbaya,PER,0.75641215,purbaya
673,kemenkeu,NOR,0.90093046,kemenkeu
674,sri mulyani,PER,0.9793171,sri mulyani
675,purba,PER,0.83935595,purba
675,##g,ORG,0.23098125,##g
676,purba,PER,0.80924404,purba
677,purba,PER,0.74785304,purba
678,menteri,NOR,0.41560218,menteri
678,purba,PER,0.48208922,purba
679,prabowo,PER,0.9948666,prabowo
679,ahy,PER,0.7365295,ahy
679,purba,PER,0.77397233,purba
680,men,NOR,0.44749525,men
680,##keu,ORG,0.57883763,##keu
682,men,NOR,0.6477103,men
683,##keu,ORG,0.5727086,##keu
683,purba,PER,0.73046035,purba
683,##ya,ORG,0.5375578,##ya
683,yudhi sadewa,PER,0.90513664,yudhi sadewa
683,sri mulyani,PER,0.99301696,sri mulyani
684,luhut,PER,0.88734514,luhut
684,sri mulyani,PER,0.99207777,sri mulyani
684,purbaya,PER,0.95184416,purbaya
684,menteri keuangan,NOR,0.9280383,menteri keuangan
685,purbaya yudhi sadewa,PER,0.8611104,purbaya yudhi sadewa
685,prabowo,PER,0.99769837,prabowo
686,menkeu,NOR,0.5385168,menkeu
686,cia,NOR,0.23256257,cia
687,menke,NOR,0.6610619,menkeu
687,cia,NOR,0.25618795,cia
688,luhut,PER,0.7396081,luhut
688,purba,PER,0.67117023,purba
688,sri mulyani,PER,0.98396057,sri mulyani
689,menkeu,NOR,0.78570575,menkeu
689,purbaya,PER,0.7044229,purbaya
689,prabowo,PER,0.9938525,prabowo
689,dpr,NOR,0.96179605,dpr
690,purbaya,PER,0.85861075,purbaya
691,andi arief,PER,0.9965749,andi arief
691,menkeu,NOR,0.75752324,menkeu
691,purba,PER,0.33461353,purba
692,menkeu,NOR,0.72888017,menkeu
692,purba,PER,0.5141179,purba
693,purba,PER,0.95714027,purba
693,##keu,NOR,0.55910325,##keu
694,purbaya yudhi sadewa,PER,0.8922801,purbaya yudhi sadewa
694,prabowo,PER,0.99789387,prabowo
695,purbaya,PER,0.89062357,purbaya
696,purbaya,PER,0.8879241,purbaya
696,sri mulyani,PER,0.97242624,sri mulyani
697,purbaya,PER,0.69572866,purbaya
698,purba,PER,0.4766759,purba
699,purba,PER,0.9250711,purba
700,purba,PER,0.9543387,purba
701,menke,NOR,0.58251464,menkeu
701,##u,ORG,0.45823547,##u
701,purba,PER,0.70878077,purba
702,menkeu,NOR,0.6604576,menkeu
702,purbaya,PER,0.5917785,purbaya
702,prabowo,PER,0.98921025,prabowo
703,ketua mui,NOR,0.9165772,ketua mui
703,menkeu purba,NOR,0.6074189,menkeu purbaya
704,purbaya yudhi,PER,0.8109589,purbaya yudhi
704,sri mulyani,PER,0.9938324,sri mulyani
705,purbaya,PER,0.9535471,purbaya
705,kemenkeu,NOR,0.8639191,kemenkeu
705,prabowo,PER,0.9941268,prabowo
705,sri mulyani,PER,0.988118,sri mulyani
706,purbaya yudhi sadewa,PER,0.9719179,purbaya yudhi sadewa
707,purbaya yudhi sadewa,PER,0.9543738,purbaya yudhi sadewa
707,menteri keuangan,NOR,0.9616277,menteri keuangan
707,sri mulyani,PER,0.9954731,sri mulyani
708,ulama jatim,ORG,0.6330383,ulama jatim
708,men,NOR,0.60555047,men
708,##u,ORG,0.41950348,##u
708,purba,PER,0.399704,purba
709,purba,PER,0.84096307,purba
710,purba,PER,0.902754,purba
711,menkeu,NOR,0.6436147,menkeu
711,purba,PER,0.47540572,purba
712,purbaya yudhi sadewa,PER,0.9710679,purbaya yudhi sadewa
712,sri mulyani,PER,0.9899607,sri mulyani
712,menteri keuangan,NOR,0.9431977,menteri keuangan
713,men,NOR,0.5102634,men
713,purba,PER,0.6653848,purba
714,sri mulyani,PER,0.9940888,sri mulyani
714,purbaya,PER,0.9393935,purbaya
714,lps,ORG,0.83483106,lps
715,menkeu,NOR,0.65522,menkeu
715,purba,PER,0.9893138,purba
716,menke,NOR,0.5682485,menkeu
716,##u,ORG,0.41790238,##u
717,menkeu,NOR,0.76515967,menkeu
717,purbaya,PER,0.5340454,purbaya
718,purbaya yudhi sadewa,PER,0.9543738,purbaya yudhi sadewa
718,menteri keuangan,NOR,0.9616277,menteri keuangan
718,sri mulyani,PER,0.9954731,sri mulyani
719,purba,PER,0.86131513,purba
719,sby,PER,0.991385,sby
719,prabowo,PER,0.986655,prabowo
720,demokrat,NOR,0.9840136,demokrat
720,men,NOR,0.48520213,men
721,ihsg,ORG,0.4642831,ihsg
721,sri mulyani,PER,0.9784358,sri mulyani
721,purba,PER,0.41249326,purba
722,purbaya,PER,0.83069795,purbaya
723,menkeu,NOR,0.6554597,menkeu
723,purba,ORG,0.30472177,purba
725,purbaya,PER,0.7173626,purbaya
727,purbaya yudhi sadewa,PER,0.90619797,purbaya yudhi sadewa
727,sri mulyani,PER,0.9949359,sri mulyani
728,sri mulyani,PER,0.9915938,sri mulyani
728,menkeu,NOR,0.86500216,menkeu
728,purbaya,PER,0.7253909,purbaya
729,sri mulyani,PER,0.99602383,sri mulyani
729,menkeu,NOR,0.69412136,menkeu
729,purba,PER,0.8391248,purba
730,menkeu,NOR,0.8833878,menkeu
730,purba,PER,0.4246601,purba
731,kelak,PER,0.6270083,kelak
731,##ar purbaya,PER,0.6043455,##ar purbaya
731,menkeu,NOR,0.60681576,menkeu
732,menkeu,NOR,0.6415017,menkeu
733,purba,PER,0.66850907,purba
734,purbaya yudhi sadewa,PER,0.9543738,purbaya yudhi sadewa
734,menteri keuangan,NOR,0.9616277,menteri keuangan
734,sri mulyani,PER,0.9954731,sri mulyani
735,menke,NOR,0.5077909,menkeu
735,##u,ORG,0.51911306,##u
735,purba,PER,0.6742917,purba
736,sri mulyani,PER,0.98786324,sri mulyani
736,purbaya,PER,0.76218736,purbaya
736,yudhi sadewa,PER,0.8799027,yudhi sadewa
737,purbaya yudhi sadewa,PER,0.984217,purbaya yudhi sadewa
737,menkeu,NOR,0.83631444,menkeu
737,sri mulyani,PER,0.9887951,sri mulyani
738,purba,PER,0.82316566,purba
738,yudhi sadewa,PER,0.9469813,yudhi sadewa
739,purbaya,PER,0.6973849,purbaya
739,sri mulyani,PER,0.9908417,sri mulyani
740,menkeu,NOR,0.76039475,menkeu
740,dpr,NOR,0.98642933,dpr
741,purba,PER,0.9738728,purba
742,purbaya,PER,0.9291471,purbaya
742,##keu,NOR,0.5293222,##keu
743,purbaya yudhi,PER,0.9646651,purbaya yudhi
743,dewan komisioner lps,ORG,0.5867931,dewan komisioner lps
743,sri mulyani,PER,0.99596554,sri mulyani
744,menke,NOR,0.47481883,menkeu
744,##u,ORG,0.47875702,##u
744,purba,PER,0.40316278,purba
746,purba,PER,0.9446724,purba
746,menkeu,NOR,0.83874726,menkeu
748,purbaya,PER,0.86835563,purbaya
748,prabowo,PER,0.9901025,prabowo
748,bank,ORG,0.5176262,bank
749,pr,NOR,0.69296753,pr
749,men,ORG,0.38442636,men
749,##ke,NOR,0.57573473,##ke
749,##u,ORG,0.5362241,##u
749,purba,PER,0.450187,purba
750,airlangga,PER,0.99003136,airlangga
750,bi,ORG,0.7457963,bi
750,hadir,PER,0.7955093,hadir
750,menkeu,NOR,0.6990184,menkeu
750,purba,PER,0.8525957,purba
751,sri mulyani,PER,0.9787938,sri mulyani
751,purbaya yudhi sadewa,PER,0.90449554,purbaya yudhi sadewa
752,sri mulyani,PER,0.9013466,sri mulyani
752,purbaya yudhi sadewa,PER,0.8850698,purbaya yudhi sadewa
753,purdue university,ORG,0.8803048,purdue university
753,men,NOR,0.4471079,men
753,##keu purbaya,ORG,0.5047024,##keu purbaya
754,ferry,PER,0.99689686,ferry
754,purba,PER,0.87492913,purba
755,sumitronomics,ORG,0.7203032,sumitronomics
756,purba,PER,0.8271823,purba
756,rocky,PER,0.97942,rocky
758,purba,PER,0.47339597,purba
758,menkeu,NOR,0.5970742,menkeu
759,sri mulyani,PER,0.98923224,sri mulyani
759,menkeu,NOR,0.85412645,menkeu
759,purbaya yudhi,PER,0.97304714,purbaya yudhi
760,##nom,ORG,0.4889622,##nom
761,djarum,ORG,0.9806495,djarum
761,gudang garam,ORG,0.9415076,gudang garam
761,purba,PER,0.98270434,purba
763,plt bos lps,ORG,0.766829,plt bos lps
763,purba,PER,0.9858802,purba
764,anggito abimanyu,PER,0.9643853,anggito abimanyu
764,ketua lps,ORG,0.7676291,ketua lps
764,purba,PER,0.96218777,purba
765,purbaya want,PER,0.83964235,purbaya wanti
766,prabowo,PER,0.99321026,prabowo
766,purba,PER,0.98742676,purba
767,menke,NOR,0.6639554,menkeu
767,##u,ORG,0.4817471,##u
767,purba,PER,0.8468722,purba
768,purbaya,PER,0.73617625,purbaya
768,rocky gerung,PER,0.6994137,rocky gerung
769,bos bgn,ORG,0.68138105,bos bgn
769,purba,PER,0.986166,purba
771,##u,ORG,0.49728492,##u
771,purba,PER,0.68481535,purba
772,pns,ORG,0.5901304,pns
773,purba,PER,0.85172665,purba
774,kala,PER,0.58019394,kala
774,purba,ORG,0.37084076,purba
774,##ty,ORG,0.28641993,##ty
775,prabowo,PER,0.9972344,prabowo
776,purba,PER,0.5891795,purba
777,anggito,PER,0.92964786,anggito
777,ketua lps,ORG,0.747443,ketua lps
777,purba,PER,0.9750158,purba
777,wamenkeu,ORG,0.84571886,wamenkeu
778,ketua banggar,NOR,0.5822457,ketua banggar
778,dpr,NOR,0.8343795,dpr
778,##ke,NOR,0.3186138,##ke
778,purba,PER,0.85074824,purba
779,purba,PER,0.93557805,purba
779,kepala bgn,ORG,0.8811303,kepala bgn
780,hot,PER,0.7964171,hot
780,##man,ORG,0.4348776,##man
780,paris,PER,0.49538806,paris
781,purbaya,PER,0.8722817,purbaya
781,amnesty,ORG,0.39808363,amnesty
782,menkeu,NOR,0.79125357,menkeu
782,dpr,NOR,0.98720855,dpr
783,purbaya,PER,0.86800385,purbaya
784,dpr,NOR,0.98071563,dpr
785,menkeu purba,NOR,0.66963404,menkeu purbaya
785,##ya,ORG,0.38423628,##ya
786,menkeu purba,NOR,0.6424958,menkeu purbaya
786,##ya,ORG,0.40738618,##ya
787,dpr,NOR,0.8172665,dpr
787,purba,PER,0.8273661,purba
788,purba,PER,0.7854686,purba
788,sri mulyani,PER,0.99199444,sri mulyani
789,menke,NOR,0.74249256,menkeu
789,##u,ORG,0.48664248,##u
789,purba,PER,0.647151,purba
789,kemenkeu,NOR,0.76689464,kemenkeu
790,purba,PER,0.5900892,purba
791,tokoh,NOR,0.7448005,tokoh
791,nu jatim,NOR,0.5440342,nu jatim
791,menkeu,NOR,0.747267,menkeu
791,purba,PER,0.40133905,purba
792,dpr,NOR,0.964736,dpr
792,purbaya,PER,0.7420638,purbaya
792,prabowo,PER,0.99669987,prabowo
793,purba,PER,0.85963494,purba
793,prabowo,PER,0.98678243,prabowo
793,sri mulyani,PER,0.99315387,sri mulyani
794,menke,NOR,0.49743578,menkeu
794,##u,ORG,0.49271467,##u
794,purba,PER,0.28326204,purba
796,s1 teknik elektro,ORG,0.5252982,s1 teknik elektro
796,menkeu,ORG,0.5858348,menkeu
796,purba,PER,0.7569402,purba
796,sri mulyani,PER,0.9864161,sri mulyani
797,menkeu,NOR,0.6314692,menkeu
797,purba,PER,0.5053773,purba
797,prabowo,PER,0.9958851,prabowo
797,bank,ORG,0.5086497,bank
798,purba,PER,0.9483244,purba
800,purba,PER,0.96504766,purba
801,purba,PER,0.83039445,purba
802,purbaya,PER,0.71854293,purbaya
803,menke,NOR,0.5910597,menkeu
803,##u purba,ORG,0.41794935,##keu purba
803,sri mulyani,PER,0.99378777,sri mulyani
804,mek,PER,0.52427375,mek
804,##u,NOR,0.3087089,##u
805,purbaya,PER,0.7413169,purbaya
805,ketua lps,ORG,0.7291727,ketua lps
805,menkeu,NOR,0.56667525,menkeu
807,menke,NOR,0.5715723,menkeu
807,##u,ORG,0.40879974,##u
807,purba,PER,0.47835132,purba
808,purbaya yudhi sadewa,PER,0.92872024,purbaya yudhi sadewa
809,purba,PER,0.95045173,purba
810,purba,PER,0.48713613,purba
810,trump,PER,0.87286544,trump
810,cs,ORG,0.3215011,cs
811,sri mulyani,PER,0.99440795,sri mulyani
811,menkeu purba,NOR,0.75298685,menkeu purbaya
811,sby,PER,0.99092555,sby
811,jokowi,PER,0.99358267,jokowi
813,prabowo,PER,0.9953976,prabowo
813,sri mulyani,PER,0.99409556,sri mulyani
813,purba,PER,0.9803823,purba
814,purba,PER,0.94894034,purba
814,apbn,NOR,0.23903401,apbn
815,komisi xi dpr,NOR,0.9739272,komisi xi dpr
815,menkeu,NOR,0.6752406,menkeu
815,purbaya,PER,0.48417184,purbaya
815,srim,PER,0.7690059,srim
816,dpr,NOR,0.9670702,dpr
816,purba,PER,0.9829653,purba
816,kemenkeu,NOR,0.6673865,kemenkeu
817,purba,PER,0.56869376,purba
818,sri mulyani,PER,0.98824435,sri mulyani
818,purba,PER,0.95876807,purba
819,menkeu,NOR,0.7806499,menkeu
819,baru purbaya,PER,0.7576925,baru purbaya
820,purba,PER,0.9177237,purba
822,waka komisi xi sambut,NOR,0.70599574,waka komisi xi sambut
822,menkeu,NOR,0.5742637,menkeu
822,purba,PER,0.37199962,purba
823,purbaya yudhi sadewa,PER,0.87498045,purbaya yudhi sadewa
823,sri mulyani,PER,0.9870979,sri mulyani
823,##keu,NOR,0.49072725,##keu
824,wamenkeu,ORG,0.760861,wamenkeu
824,anggito,PER,0.924826,anggito
824,ketua lps,ORG,0.5831596,ketua lps
824,purba,PER,0.98260903,purba
825,prabowo,PER,0.9962011,prabowo
825,purbaya yudhi,PER,0.9771508,purbaya yudhi
825,##hil,PER,0.5815482,##hil
825,anzar,PER,0.86329937,anzar
827,prabowo,PER,0.9717226,prabowo
827,purba,PER,0.960651,purba
827,menteri keuangan,NOR,0.89461404,menteri keuangan
828,wamenkeu,ORG,0.86510044,wamenkeu
828,anggito,PER,0.92495245,anggito
828,ketua lps,ORG,0.68907803,ketua lps
828,purbaya,PER,0.9049804,purbaya
829,purba,PER,0.8820572,purba
829,mukhtarudin,PER,0.99057126,mukhtarudin
831,purbaya,PER,0.6597501,purbaya
831,tokopedia cs,ORG,0.77975774,tokopedia cs
832,hotman paris,PER,0.63711303,hotman paris
833,purba,PER,0.71900815,purba
835,purba,PER,0.9883836,purba
836,saham gudang garam,ORG,0.8860578,saham gudang garam
836,sampoerna,ORG,0.78114027,sampoerna
836,purba,PER,0.821395,purba
837,sultan hb x,PER,0.76501197,sultan hb x
837,menteri,NOR,0.50272113,menteri
837,purba,PER,0.81764936,purba
837,##ya,PER,0.47894272,##ya
837,cs,ORG,0.27850962,cs
838,purbaya,PER,0.66329163,purbaya
839,kpk,NOR,0.9851894,kpk
839,menkeu,NOR,0.6188515,menkeu
839,purba,ORG,0.30451217,purba
841,purba,PER,0.73915523,purba
841,bank,ORG,0.6815847,bank
842,ferry,PER,0.9909009,ferry
842,menke,NOR,0.7105551,menkeu
842,##u purba,ORG,0.47831547,##keu purba
845,anggito,PER,0.9290728,anggito
845,ketua lps,ORG,0.8033944,ketua lps
845,wamenkeu,ORG,0.74023086,wamenkeu
847,purba,PER,0.69316906,purba
849,anggito abimanyu,PER,0.9083994,anggito abimanyu
849,dirjen haji & umrah,NOR,0.73894256,dirjen haji & umrah
849,purba,PER,0.8940168,purba
849,lps,ORG,0.7692672,lps
850,purbaya,PER,0.83878773,purbaya
852,anggito abimanyu,PER,0.88133687,anggito abimanyu
852,ugm,ORG,0.77050966,ugm
852,purbaya yudha sadewa,PER,0.8193151,purbaya yudhi sadewa
852,lps,ORG,0.8598896,lps
855,anggito,PER,0.96386206,anggito
855,ketua lps,ORG,0.629342,ketua lps
855,purbaya,PER,0.8019372,purbaya
855,prabowo,PER,0.99627566,prabowo
856,men,NOR,0.33476782,men
856,##u,ORG,0.3693833,##u
856,purba,PER,0.43200827,purba
856,bahlil,PER,0.7004709,bahlil
857,core,ORG,0.25091547,core
857,purba,PER,0.88431585,purba
859,menkeu,NOR,0.7507396,menkeu
859,firaun lu,PER,0.5675107,firaun lu
860,firaun lu,PER,0.79929614,firaun lu
861,imf,ORG,0.5613631,imf
861,ri,NOR,0.315722,ri
862,anggito,PER,0.7457498,anggito
862,lps,ORG,0.8749497,lps
863,purba,PER,0.9464145,purba
864,ojk,ORG,0.70202684,ojk
864,kemenkeu,NOR,0.66034573,kemenkeu
865,menkeu,NOR,0.7022385,menkeu
865,purba,PER,0.5717179,purba
866,dpr,NOR,0.99303883,dpr
866,menkeu,NOR,0.71379524,menkeu
866,purbaya,PER,0.6697365,purbaya
867,bos pajak anc,ORG,0.47344294,bos pajak anc
868,menkeu,NOR,0.64757437,menkeu
868,purba,PER,0.6587437,purba
869,firaun lu,PER,0.49319857,firaun lu
870,menkeu,NOR,0.68725324,menkeu
870,purba,PER,0.55056447,purba
871,purba,PER,0.5882878,purba
871,singg,PER,0.7754068,singg
873,bank jakarta,ORG,0.98943424,bank jakarta &
873,pemerintah pusat,NOR,0.91844034,pemerintah pusat
874,bank jakarta,ORG,0.98370737,bank jakarta &
874,bank jatim,ORG,0.9548888,bank jatim
874,bj,PER,0.5079995,bj
874,##b,ORG,0.7520583,##b
874,pemerintah,NOR,0.8956301,pemerintahan
875,purba,PER,0.9025115,purba
876,men,NOR,0.6484647,men
876,##keu purba,ORG,0.5107656,##keu purbaya
876,##ip,ORG,0.40166909,##ip
877,prabowo,PER,0.99574596,prabowo
877,purba,PER,0.97518253,purba
878,purbaya,PER,0.8688727,purbaya
878,core,ORG,0.349601,core
879,prabowo,PER,0.99587446,prabowo
879,purba,PER,0.673587,purba
879,kementerian,NOR,0.5815604,kementerian
881,coretax,ORG,0.566671,coretax
881,purba,PER,0.5205006,purba
882,purbaya,PER,0.75336796,purbaya
883,purba,PER,0.8273745,purba
883,core,ORG,0.4235245,core
884,gubernur,NOR,0.6295084,gubernur
884,mendagri,NOR,0.9305947,mendagri
885,anggito,PER,0.948648,anggito
885,lps,ORG,0.70670235,lps
885,prabowo,PER,0.99746835,prabowo
886,menkeu,NOR,0.7351496,menkeu
886,purba,PER,0.30935964,purba
887,purbaya,PER,0.80451435,purbaya
887,soeharto,PER,0.55979943,soeharto
888,purba,PER,0.5210757,purba
889,ketua komisi xi dpr,NOR,0.9451631,ketua komisi xi dpr
889,menkeu,NOR,0.8569443,menkeu
889,purba,PER,0.9127409,purba
891,purba,PER,0.876795,purba
892,banggar dpr,NOR,0.64807826,banggar dpr
892,menkeu,NOR,0.92023116,menkeu
892,purba,PER,0.37489247,purba
893,zulhas,PER,0.9796629,zulhas
894,purba,PER,0.83847654,purba
894,kib,PER,0.44540912,kib
895,purba,PER,0.71955436,purba
895,satgas blbi,ORG,0.8524454,satgas blbi
897,purba,PER,0.56111944,purba
899,menke,NOR,0.51994866,menkeu
899,##u,ORG,0.53845847,##u
899,purba,NOR,0.2978438,purba
899,kring pajak,ORG,0.60232466,kring pajak
900,purbaya,PER,0.8133077,purbaya
901,purbaya,PER,0.7751664,purbaya
901,kib,PER,0.9157944,kib
902,dirut bank,ORG,0.6597618,dirut bank
903,purba,PER,0.9239121,purba
903,bank,ORG,0.53848714,bank
904,purbaya,PER,0.92016804,purbaya
904,menkeu,NOR,0.5908533,menkeu
904,tutut soeharto,PER,0.84066945,tutut soeharto
905,djp,ORG,0.7513319,djp
906,anwar hafid,PER,0.984472,anwar hafid
907,purba,PER,0.8669592,purba
908,sultan hb x,PER,0.9705966,sultan hb x
909,purba,PER,0.871739,purba
912,menkeu,NOR,0.7742898,menkeu
912,purbaya,PER,0.6953053,purbaya
912,tutut,PER,0.71319777,tutut
912,soeharto,PER,0.78532666,soeharto
912,ptun,ORG,0.9372302,ptun
913,dpr,NOR,0.9847482,dpr
914,ptun,ORG,0.96772325,ptun
914,menkeu purba,NOR,0.6022773,menkeu purbaya
914,bu tutut,PER,0.9449093,bu tutut
915,bos bgn,ORG,0.79637975,bos bgn
915,purba,PER,0.6836363,purba
916,mens,NOR,0.6424756,mens
916,menkeu,NOR,0.8254959,menkeu
916,ses,NOR,0.59731495,ses
916,das,PER,0.41215453,das
916,dpr,NOR,0.98827654,dpr
918,pemprov sumut,NOR,0.93392676,pemprov sumut
919,bah,PER,0.42139688,bah
919,men,NOR,0.6898726,men
919,##keu purba,ORG,0.5439338,##keu purbaya
920,purba,PER,0.76490057,purba
920,prabowo,PER,0.99372274,prabowo
920,kementerian,NOR,0.85296,kementerian
921,sri mulyani,PER,0.97635883,sri mulyani
921,purbaya,PER,0.8016422,purbaya
922,purba,PER,0.9099591,purba
922,bi,ORG,0.96124333,bi
923,purba,PER,0.9045642,purba
923,kementerian,NOR,0.5870028,kementerian
924,cua,ORG,0.30764863,cua
925,gubsu,NOR,0.44068024,gubsu
925,bobby,PER,0.969872,bobby
925,gubernur aceh mualem,NOR,0.9465172,gubernur aceh mualem
926,anggito abimanyu,PER,0.9731512,anggito abimanyu
926,wamenkeu,ORG,0.8590315,wamenkeu
926,lps,ORG,0.96205956,lps
928,bri,ORG,0.89857507,bri
928,pemerintah,NOR,0.71246135,pemerintahan
929,kemenkeu,NOR,0.82129,kemenkeu
929,world bank,ORG,0.96837485,world bank
931,purba,PER,0.9122833,purba
932,pemerintah,NOR,0.96947217,pemerintahan
933,menteri keuangan,NOR,0.903741,menteri keuangan
933,purba,PER,0.98114,purba
934,menkeu,NOR,0.8781902,menkeu
934,purba,PER,0.624627,purba
934,kementerian,NOR,0.93579084,kementerian
934,belanja,NOR,0.9236087,belanja
935,lp,NOR,0.65036285,lp
935,##s,ORG,0.60679924,##s
935,presiden,NOR,0.74066645,presiden
935,dpr,NOR,0.9525826,dpr
935,purba,PER,0.9843492,purba
936,purba,PER,0.9177909,purba
937,purba,PER,0.97711617,purba
938,bobby nasution,PER,0.98636377,bobby nasution
939,purba,PER,0.8770913,purba
939,tim akselerasi,ORG,0.89444387,tim akselerasi
939,prabowo,PER,0.9177923,prabowo
940,purbaya,PER,0.8096383,purbaya
941,purbaya singgung bank malas,ORG,0.81954765,purbaya singgung bank malas
941,untung gede,PER,0.8457067,untung gede
942,purbaya,ORG,0.5193206,purbaya
942,bank,ORG,0.5243641,bank
944,men,NOR,0.6721417,men
944,##keu purba,ORG,0.5946528,##keu purbaya
944,bank himbara,ORG,0.98454684,bank himbara
945,mariner eccles,ORG,0.82809347,mariner eccles
946,purba,PER,0.44712368,purba
946,zulhas,PER,0.98347896,zulhas
947,purba,PER,0.8307845,purba
947,bank,ORG,0.7227779,bank
948,pemprov banten,NOR,0.9673083,pemprov banten
949,himbara,PER,0.59822714,himbara
949,purba,PER,0.84903425,purba
950,pramono,PER,0.96168154,pramono
951,prabowo,PER,0.9877515,prabowo
951,purbaya,PER,0.7186441,purbaya
951,zulhas,PER,0.97713643,zulhas
952,bank,ORG,0.36057034,bank
953,pemerintah,NOR,0.95087546,pemerintahan
954,pemerintah,NOR,0.9107098,pemerintahan
955,isc,ORG,0.6959669,isc
956,muzani,PER,0.96916443,muzani
957,bank bumn,ORG,0.78469634,bank bumn
957,purba,PER,0.5644386,purba
958,pemerintah,NOR,0.96487737,pemerintahan
959,kemenperin,NOR,0.94500065,kemenperin
960,men,NOR,0.6975515,men
960,##keu,ORG,0.5782729,##keu
960,purba,PER,0.3839865,purba
960,##ut bank,ORG,0.617844,##ut bank
962,bank bumn,ORG,0.6101526,bank bumn
963,purbaya,PER,0.89349884,purbaya
963,yudhi sadewa,PER,0.9101763,yudhi sadewa
963,men,NOR,0.54598284,men
963,##u,ORG,0.40574354,##u
963,lps,ORG,0.91649234,lps
965,lps,ORG,0.88916326,lps
966,purba,PER,0.6896752,purba
966,bah,PER,0.5663097,bah
967,purbaya wanti,PER,0.84486616,purbaya wanti
968,men,NOR,0.5842509,men
968,og,PER,0.84007454,og
969,purbaya,PER,0.81461495,purbaya
969,lps,ORG,0.9337692,lps
971,airlangga,PER,0.91791165,airlangga
973,sri mulyani,PER,0.98449093,sri mulyani
974,prabowo,PER,0.9980385,prabowo
975,purba,PER,0.70850575,purba
977,purba,PER,0.47023153,purba
978,prabowo,PER,0.9973219,prabowo
978,##negara,ORG,0.40927586,##negara
979,bea cukai,NOR,0.68825746,bea cukai
980,eddy soeparno,PER,0.99191827,eddy soeparno
981,ulama jatim,NOR,0.690562,ulama jatim
982,menkeu purba,NOR,0.6523625,menkeu purbaya
982,##wa,ORG,0.7434569,##wa
984,purba,PER,0.95545834,purba
984,sb,PER,0.36961162,sb
987,sri mulyani,PER,0.9938323,sri mulyani
987,itb,ORG,0.81354654,itb
988,jokowi,PER,0.9713381,jokowi
988,purba,PER,0.8624111,purba
989,menkeu,NOR,0.65485936,menkeu
989,sri mulyani,PER,0.9961095,sri mulyani
990,menko perekonomian,NOR,0.5544335,menko perekonomian
991,pemerintah,NOR,0.93945545,pemerintahan
992,menkeu,NOR,0.66837883,menkeu
992,sri mulyani,PER,0.99616504,sri mulyani
993,prabowo,PER,0.9973194,prabowo
993,badan penerimaan negara,ORG,0.47380757,badan penerimaan negara
994,ih,PER,0.30733037,ih
994,##s,ORG,0.37728113,##s
994,prabowo,PER,0.9931845,prabowo
994,sri mulyani,PER,0.98690015,sri mulyani
995,menkeu,NOR,0.78789383,menkeu
996,sri mulyani,PER,0.98491436,sri mulyani
997,menteri keuangan indonesia,NOR,0.87819785,menteri keuangan indonesia
998,sri mulyani,PER,0.99023634,sri mulyani
998,prabowo,PER,0.99589044,prabowo
999,prabowo,PER,0.9974716,prabowo
999,sri mulyani,PER,0.9870716,sri mulyani
1000,kemensos,ORG,0.75298434,kemensos
1000,sekolah rakyat,ORG,0.72117,sekolah rakyat
1000,bansos,ORG,0.54038155,bansos
1001,sri mulyani,PER,0.9926743,sri mulyani
1002,jokowi,PER,0.98753554,jokowi
1002,menkeu,NOR,0.57781106,menkeu
1002,purba,PER,0.82890105,purba
1002,bagus,PER,0.6973823,bagus
1003,##hu,NOR,0.6322042,##hu
1003,prabowo,PER,0.9961971,prabowo
1004,prabowo,PER,0.9945911,prabowo
1004,suara,ORG,0.6028072,suara
1004,panglima,NOR,0.26059973,panglima
1004,kapolri,NOR,0.8305345,kapolri
1005,lps,ORG,0.77385074,lps
1005,wamenkop,ORG,0.6475463,wamenkop
1005,ferry,PER,0.79616463,ferry
1006,sri mulyani,PER,0.9891138,sri mulyani
1007,pertamina,ORG,0.9544,pertamina
1008,menag,NOR,0.80831313,menag
1008,prabowo,PER,0.9933119,prabowo
1009,jokowi,PER,0.9885318,jokowi
1009,purba,PER,0.44271064,purba
1009,sri mulyani,PER,0.99187493,sri mulyani
1011,sri mulyani,PER,0.9798291,sri mulyani
1012,prabowo sapa,PER,0.7273893,prabowo sapa
1014,##s,ORG,0.48044443,##s
1015,sri mulyani,PER,0.996574,sri mulyani
1015,men,NOR,0.569526,men
1016,menkeu,NOR,0.7656825,menkeu
1016,bgn,ORG,0.65412945,bgn
1017,jokowi,PER,0.99645543,jokowi
1017,sri mulyani,PER,0.97538596,sri mulyani
1018,dpr,NOR,0.983688,dpr
1019,itb,ORG,0.87464523,itb
1019,menteri keuangan,NOR,0.79672337,menteri keuangan
1020,menkeu,NOR,0.9006837,menkeu
1020,bgn,ORG,0.8473772,bgn
1021,ri,NOR,0.42312124,ri
1021,sri mulyani,PER,0.99266505,sri mulyani
1022,res,NOR,0.44284236,res
1022,##ffle kabinet,NOR,0.45051515,##ffle kabinet
1022,prabowo,PER,0.9574702,prabowo
1023,prabowo,PER,0.9904636,prabowo
1023,sri mulyani,PER,0.9926281,sri mulyani
1023,budi arie,PER,0.98728156,budie arie
1024,sri mulyani,PER,0.9950531,sri mulyani
1024,kemenkeu,NOR,0.7704682,kemenkeu
1024,sertijab,PER,0.66828394,sertijab
1025,anggota,NOR,0.54935354,anggota
1025,dpr,NOR,0.6164879,dpr
1027,sri mulyani,PER,0.9858028,sri mulyani
1028,bos bi,ORG,0.8534987,bos bi
1029,pemerintah,NOR,0.98370093,pemerintahan
1029,satgas,NOR,0.4905599,satgas
1030,sri mulyani,PER,0.99215823,sri mulyani
1030,menteri keuangan,NOR,0.969136,menteri keuangan
1031,didik madiyono,PER,0.991935,didik madiyono
1031,dk lps,ORG,0.61131257,dk lps
1032,sri mulyani,PER,0.99591833,sri mulyani
1032,menkeu,NOR,0.6085883,menkeu
1033,prabowo,PER,0.9969902,prabowo
1033,kabinet,NOR,0.48058745,kabinet
1034,prabowo,PER,0.98202723,prabowo
1034,gibran,PER,0.9751277,gibran
1035,prabowo,PER,0.9958234,prabowo
1035,suara,ORG,0.5312156,suara
1035,panglima tni,NOR,0.6740049,panglima tni
1035,kapolri,NOR,0.9186417,kapolri
1037,prabowo,PER,0.9963601,prabowo
1037,gibran,PER,0.9421233,gibran
1038,prabowo,PER,0.9774354,prabowo
1039,prabowo,PER,0.99670655,prabowo
1041,erick thohir,PER,0.9924428,erick thohir
1043,sri mulyani,PER,0.99539214,sri mulyani
1044,sri mulyani,PER,0.992662,sri mulyani
1045,sri mulyani,PER,0.9943047,sri mulyani
1046,sri mulyani,PER,0.9792587,sri mulyani
1047,men,NOR,0.5230043,men
1047,ibu sri,PER,0.691396,ibu sri
1048,sri mulyani,PER,0.9944138,sri mulyani
1050,prabowo,PER,0.9932822,prabowo
1050,men,NOR,0.5958814,men
1050,sri mulyani,PER,0.99583846,sri mulyani
1051,sri mulyani,PER,0.9932597,sri mulyani
1051,prabowo,PER,0.9913901,prabowo
1052,sri mulyani,PER,0.9851218,sri mulyani
1053,prabowo,PER,0.9856391,prabowo
1053,sri mulyani,PER,0.99404675,sri mulyani
1054,sri mulyani,PER,0.98697203,sri mulyani
1055,bgn,ORG,0.76279557,bgn
1056,sri mulyani,PER,0.96725434,sri mulyani
1056,kantor,NOR,0.29006034,kantor
1056,##keu,NOR,0.456519,##keu
1057,prabowo,PER,0.99713045,prabowo
1059,prabowo,PER,0.9951126,prabowo
1061,prabowo,PER,0.9969503,prabowo
1063,genjot belanja,ORG,0.5052104,genjot belanja
1064,muzani,PER,0.8905467,muzani
1064,puan,PER,0.62643975,puan
1067,jokowi,PER,0.99004585,jokowi
1067,menke,NOR,0.5108923,menkeu
1067,##u,ORG,0.39179844,##u
1067,purba,PER,0.76500565,purba
1068,pemerintah,NOR,0.97991395,pemerintahan
1069,reformasi,NOR,0.3505993,reformasi
1069,tkdn,ORG,0.6048615,tkdn
1070,ri,ORG,0.40890986,ri
1071,budi gunawan,PER,0.9947276,budi gunawan
1071,menko polkam,NOR,0.81228995,menko polhukam
1071,ad,NOR,0.4596609,ad
1072,menpora,NOR,0.73049843,menpora
1072,dit,PER,0.9097247,dit
1072,##o ariotedjo,PER,0.8053624,##o ariotedjo
1075,kepala bp haji,NOR,0.601313,kepala bp haji
1076,dirjen kemenkeu,NOR,0.94484794,dirjen kemenkeu
1077,sri mulyani,PER,0.9703279,sri mulyani
1078,prabowo,PER,0.98809856,prabowo
1078,budi gunawan,PER,0.99169844,budi gunawan
1078,sri mulyani,PER,0.99284124,sri mulyani
1079,bangga,NOR,0.8676898,bangga
1079,##r,NOR,0.52332824,##r
1079,dpr desak,NOR,0.64604235,dpr desak
1079,menkeu,NOR,0.56968135,menkeu
1080,jokowi,PER,0.981027,jokowi
1080,sri mulyani,PER,0.9933302,sri mulyani
1080,men,NOR,0.49326426,men
1080,bagus,PER,0.6581476,bagus
1081,menpora,NOR,0.9044575,menpora
1081,erick thohir,PER,0.98603565,erick thohir
1084,purba,PER,0.6218394,purba
1084,bni,ORG,0.98330426,bni
1084,bri,ORG,0.96144944,bri
1084,mandiri,ORG,0.93341106,mandiri
1084,btn,ORG,0.7429395,btn
1084,bs,PER,0.360767,bs
1085,pemerintah,NOR,0.9750074,pemerintahan
1086,purba,PER,0.3335374,purba
1086,menkeu,NOR,0.80841637,menkeu
1087,sri mulyani,PER,0.9954996,sri mulyani
1087,men,NOR,0.68233335,men
1088,ih,PER,0.4228453,ih
1088,menkeu,NOR,0.6171572,menkeu
1088,kadin,NOR,0.69463134,kadin
1089,sri mulyani,PER,0.9932936,sri mulyani
1090,prabowo,PER,0.99561983,prabowo
1090,airlangga,PER,0.97224164,airlangga
1091,sri mulyani,PER,0.9891522,sri mulyani
1092,sri mulyani,PER,0.99491054,sri mulyani
1093,dito ariotedjo,PER,0.883266,dito ariotedjo
1093,budi gunawan,PER,0.9951028,budi gunawan
1094,bantah,ORG,0.45349386,bantah
1094,budi,PER,0.96458334,budi
1094,gunawan,ORG,0.70754975,gunawan
1095,prabowo,PER,0.9929289,prabowo
1096,prabowo,PER,0.9934974,prabowo
1096,sri mulyani,PER,0.99392295,sri mulyani
1096,budi gunawan,PER,0.9941402,budi gunawan
1097,prabowo,PER,0.9955444,prabowo
1098,prabowo,PER,0.99139106,prabowo
1098,menko polhukam,NOR,0.8401207,menko polhukam
1098,menpora,NOR,0.90806115,menpora
1099,prabowo,PER,0.9933509,prabowo
1099,gus irfan,PER,0.9880007,gus irfan
1099,menteri haji,NOR,0.7084851,menteri haji
1099,dah,PER,0.8859945,dah
1100,ferry juliantono,PER,0.99486923,ferry juliantono
1100,menteri koperasi,NOR,0.9296094,menteri koperasi
1100,budi arie,PER,0.95082474,budie arie
1101,prabowo,PER,0.9952108,prabowo
1102,karding,PER,0.85594547,karding
1102,mukhtarudin,PER,0.98885,mukhtarudin
1102,menteri p2,NOR,0.49263677,menteri p2
1102,##mi,ORG,0.6202935,##mi
1103,bg,PER,0.8285271,bg
1103,dito ariotedjo,PER,0.93697464,dito ariotedjo
1104,prabowo,PER,0.9974195,prabowo
1105,sri mulyani,PER,0.99356574,sri mulyani
1105,prabowo,PER,0.9911809,prabowo
1106,##s,ORG,0.42362094,##s
1106,sri mulyani,PER,0.9909943,sri mulyani
1107,prabowo,PER,0.99267745,prabowo
1107,menkeu,NOR,0.8019741,menkeu
1107,sri mulyani,PER,0.9925299,sri mulyani
1108,prabowo,PER,0.9817062,prabowo
1108,budie arie,PER,0.86692125,budie arie
1108,sri mulyani,PER,0.9890359,sri mulyani
1109,prabowo,PER,0.99121034,prabowo
1109,menko polkam,NOR,0.9082663,menko polhukam
1109,menkeu,NOR,0.87393934,menkeu
1110,budi arie,PER,0.99333847,budie arie
1111,prabowo,PER,0.99756634,prabowo
1112,airlangga,PER,0.98165154,airlangga
1113,dpr,NOR,0.9837226,dpr
1113,pemerintah,NOR,0.95095,pemerintahan
1114,menteri keuangan,NOR,0.8889287,menteri keuangan
1114,sri mulyani,PER,0.99254555,sri mulyani
1115,purba,PER,0.7283743,purba
1116,men,NOR,0.5876615,men
1117,men,NOR,0.6474037,men
1118,purba,PER,0.9343638,purba
1118,bank,ORG,0.96561575,bank
1118,bni,ORG,0.94641554,bni
1119,mendagri,NOR,0.9781263,mendagri
1119,pemda buru,NOR,0.86205304,pemda buru
1119,buru,NOR,0.3477921,buru
1120,net sell,ORG,0.8089773,net sell
1120,bca,ORG,0.8790032,bca
1121,abdul kadir karding,PER,0.98622006,abdul kadir karding
1121,menteri p2,NOR,0.6277471,menteri p2
1121,##mi,ORG,0.64340824,##mi
1121,mukhtarudin,PER,0.9915871,mukhtarudin
1122,abdul kadir karding,PER,0.8205161,abdul kadir karding
1122,menteri p2,NOR,0.6806433,menteri p2
1122,##mi,ORG,0.64860386,##mi
1123,sri mulyani,PER,0.9946632,sri mulyani
1123,##keu,NOR,0.44151866,##keu
1124,saham bank,ORG,0.4478036,saham bank
1124,prabowo,PER,0.9915487,prabowo
1124,sri mulyani,PER,0.9916342,sri mulyani
1125,prabowo,PER,0.9923348,prabowo
1125,pan,NOR,0.9881522,pan
1126,nasdem,NOR,0.9767991,nasdem
1126,prabowo,PER,0.99003863,prabowo
1127,budi arie,PER,0.9900507,budie arie
1127,ferry juliantono,PER,0.9926691,ferry juliantono
1128,prabowo,PER,0.988166,prabowo
1128,aria bima,PER,0.98692966,aria bima
1128,pdip,NOR,0.92695826,pdip
1129,gus irfan,PER,0.992468,gus irfan
1129,haji,NOR,0.5532026,haji
1129,umrah,NOR,0.5345167,umrah
1129,dahnil anzar simanjun,PER,0.96437573,dahnil anzar simanjun
1130,prabowo,PER,0.98648816,prabowo
1131,prabowo,PER,0.995387,prabowo
1132,pemerintah,NOR,0.94649583,pemerintahan
1133,prabowo,PER,0.99680054,prabowo
1133,men,NOR,0.5518482,men
1133,##u,ORG,0.34910384,##u
1133,dir,NOR,0.5684866,dir
1133,##ut pertamina,ORG,0.71292037,##ut pertamina
1136,paripurna dpr,NOR,0.9457959,paripurna dpr
1137,children,ORG,0.521212,children
1138,soeharto,PER,0.899076,soeharto
1138,men,NOR,0.6479029,men
1138,bl,ORG,0.31419882,bl
1140,wam,NOR,0.6333647,wam
1140,##enkeu,ORG,0.6451412,##enkeu
1140,anggito abimanyu,PER,0.95158666,anggito abimanyu
1140,ketua lps,ORG,0.7618874,ketua lps
1141,wapres,NOR,0.62284005,wapres
1141,gibran,PER,0.92102337,gibran
1141,kabinet,NOR,0.40147376,kabinet
1142,menkop,NOR,0.5352557,menkop
1142,koperasi boleh kelola tambang,ORG,0.7273564,koperasi boleh kelola tambang
1143,sri mulyani,PER,0.9938124,sri mulyani
1143,kemenkeu,NOR,0.8728986,kemenkeu
1144,sri mulyani,PER,0.99625283,sri mulyani
1145,zulhas,PER,0.98719037,zulhas
1145,prabowo,PER,0.98813325,prabowo
1146,prabowo,PER,0.99048364,prabowo
1147,sri mulyani,PER,0.98577166,sri mulyani
1147,kemen,NOR,0.38603544,kemen
1148,sri mulyani,PER,0.9959009,sri mulyani
1148,kemenkeu,NOR,0.62086135,kemenkeu
1149,kabinet,NOR,0.44061294,kabinet
1149,prabowo,PER,0.9970951,prabowo
1151,prabowo,PER,0.9969908,prabowo
1151,sri mulyani,PER,0.99291056,sri mulyani
1152,menteri haji,NOR,0.53815585,menteri haji
1152,um,NOR,0.42177954,um
1152,m irfan yusuf,PER,0.97918916,m irfan yusuf
1153,kadin,ORG,0.46024817,kadin
1153,sri mulyani,PER,0.9949198,sri mulyani
1154,res,NOR,0.5068066,res
1154,##ffle,NOR,0.51751953,##ffle
1154,prabowo,PER,0.99400145,prabowo
1154,budi gunawan,PER,0.9949868,budi gunawan
1154,sri mulyani,PER,0.99080235,sri mulyani
1155,pdip,NOR,0.9815694,pdip
1155,prabowo,PER,0.99375653,prabowo
1156,menkeu,NOR,0.7693711,menkeu
1157,bos,ORG,0.57654524,bos
1157,bgn,ORG,0.73293304,bgn
1159,anggito abimanyu,PER,0.9474635,anggito abimanyu
1159,wamenkeu,ORG,0.75982803,wamenkeu
1159,lps,ORG,0.87817645,lps
1160,um surabaya,ORG,0.8111484,um surabaya
1161,anggito abimanyu,PER,0.9616125,anggito abimanyu
1161,wamenkeu,ORG,0.6354253,wamenkeu
1161,lps,ORG,0.90394294,lps
1162,mendagri,NOR,0.96637046,mendagri
1162,pemda,NOR,0.943616,pemda
1164,bs,ORG,0.63069016,bs
1165,bank swasta,ORG,0.7413203,bank swasta
1165,him,PER,0.55996907,him
1165,##bara,ORG,0.5560408,##bara
1166,anggito,PER,0.94305354,anggito
1166,lps,ORG,0.756624,lps
1166,wamenkeu,NOR,0.5344078,wamenkeu
1166,presiden,NOR,0.7966486,presiden
1167,lps,ORG,0.954846,lps
1167,anggito abimanyu,PER,0.90033406,anggito abimanyu
1168,pemerintah,NOR,0.966062,pemerintahan
1169,sri mulyani,PER,0.9873507,sri mulyani
1170,bg,PER,0.9099296,bg
1170,menko polkam,NOR,0.77932775,menko polhukam
1171,budi arie,PER,0.98923993,budie arie
1171,dpr,NOR,0.9639639,dpr
1172,sri mulyani,PER,0.9953797,sri mulyani
1172,menteri keuangan,NOR,0.9519359,menteri keuangan
1174,prabowo,PER,0.9855848,prabowo
1174,budi arie,PER,0.9819102,budie arie
1174,sri mulyani,PER,0.98847866,sri mulyani
1175,fadli zon,PER,0.99371594,fadli zon
1176,bangga,NOR,0.8788563,bangga
1176,##r,NOR,0.48603126,##r
1176,dpr,NOR,0.6517416,dpr
1177,banggar dpr,NOR,0.6300645,banggar dpr
1177,menkeu,NOR,0.74976176,menkeu
1178,men,NOR,0.84371674,men
1178,himbara,PER,0.8532914,himbara
1178,ketua banggar dpr,NOR,0.83186406,ketua banggar dpr
1179,prabowo,PER,0.9955558,prabowo
1180,prabowo,PER,0.99158186,prabowo
1181,kementerian,NOR,0.87686867,kementerian
1182,bos,ORG,0.7879484,bos
1182,bi,ORG,0.5567262,bi
1182,pemerintah,NOR,0.9500727,pemerintahan
1183,ppp,NOR,0.83554333,ppp
1183,##k,ORG,0.56449944,##k
1183,kop,NOR,0.40924686,kop
1183,##des,ORG,0.465098,##des
1185,anindya bakrie,PER,0.8940544,anindya bakrie
1185,bagus,PER,0.9571014,bagus
1187,##ty,ORG,0.40492696,##ty
1188,men,NOR,0.6437758,men
1188,##keu purba,ORG,0.5798068,##keu purbaya
1189,gudang garam,ORG,0.90608597,gudang garam
1189,menke,NOR,0.44699085,menkeu
1189,purba,PER,0.91567546,purba
1190,kementerian bumn,NOR,0.96597934,kementerian bumn
1191,##keu,ORG,0.6856486,##keu
1191,purba,PER,0.40552855,purba
1192,ojk,ORG,0.8031219,ojk
1193,ojk,ORG,0.7033273,ojk
1193,pemerintah,NOR,0.6451252,pemerintahan
1195,pertamina,ORG,0.879932,pertamina
1196,ketua komisi xi dpr,NOR,0.9714651,ketua komisi xi dpr
1196,bi,ORG,0.93986857,bi
1197,soeharto,PER,0.7223114,soeharto
1198,purba,PER,0.9656781,purba
1198,lps,ORG,0.8907682,lps
1198,men,NOR,0.6510642,men
1198,##keu,ORG,0.4480012,##keu
1199,tutut,PER,0.64012957,tutut
1199,soeharto,PER,0.6582328,soeharto
1199,menteri keuangan,NOR,0.96746707,menteri keuangan
1199,ptun,ORG,0.8739349,ptun
1200,menteri keuangan,NOR,0.97834575,menteri keuangan
1200,tutut soeharto,PER,0.9075203,tutut soeharto
1200,kemenkeu,NOR,0.9164098,kemenkeu
1201,bos danantara,ORG,0.875456,bos danantara
1201,bank bumn,ORG,0.88463765,bank bumn
1202,pimpinan komisi i dpr,NOR,0.7567184,pimpinan komisi i dpr
1202,djamari chaniago,PER,0.9870206,djamari chaniago
1202,menko polkam,NOR,0.88845414,menko polhukam
1203,purba,PER,0.93362725,purba
1205,bumn,ORG,0.7516414,bumn
1206,bangga,NOR,0.8759919,bangga
1206,##r,NOR,0.6461489,##r
1206,dpr ri,NOR,0.79107434,dpr ri
1208,bl,ORG,0.24440235,bl
1208,tut,PER,0.7066335,tut
1208,soeharto,PER,0.82521665,soeharto
1208,men,NOR,0.66052353,men
1209,menkeu,NOR,0.62995577,menkeu
1209,purbaya,PER,0.65038455,purbaya
1210,purbaya,PER,0.85572785,purbaya
1211,pemerintah,NOR,0.8536958,pemerintahan
1212,prabowo,PER,0.9751449,prabowo
1213,prabowo,PER,0.9921555,prabowo
1213,sarah sadiqa,PER,0.9808727,sarah sadiqa
1213,hendy,PER,0.94647646,hendy
1213,kepala lkpp,ORG,0.78446347,kepala lkpp
1214,kabinet,NOR,0.65470666,kabinet
1214,merah,ORG,0.46506047,merah
1214,prabowo,PER,0.9963897,prabowo
1214,gibran,PER,0.9745883,gibran
1216,kabinet,NOR,0.591302,kabinet
1216,prabowo,PER,0.99536926,prabowo
1216,gibran,PER,0.95227605,gibran
1217,djamari chaniago,PER,0.9881846,djamari chaniago
1217,menko polkam,NOR,0.94626194,menko polhukam
1217,erick thohir,PER,0.913894,erick thohir
1217,menpora,NOR,0.7450301,menpora
1218,prabowo,PER,0.9915216,prabowo
1218,djamari chaniago,PER,0.978093,djamari chaniago
1218,erick thohir,PER,0.9906681,erick thohir
1219,erick thohir,PER,0.99385387,erick thohir
1219,menpora,NOR,0.9362707,menpora
1219,djamari chaniago,PER,0.9793438,djamari chaniago
1219,menko polkam,NOR,0.9315093,menko polhukam
1220,prabowo,PER,0.99148893,prabowo
1220,men,NOR,0.609226,men
1220,kapolri,NOR,0.9744241,kapolri
1221,mahfud md,PER,0.98385197,mahfud md
1221,menko polkam,NOR,0.70837563,menko polhukam
1221,pimpinan komisi i dpr,NOR,0.9097644,pimpinan komisi i dpr
1222,djamari chaniago,PER,0.98922145,djamari chaniago
1222,menko polkam,NOR,0.9307707,menko polhukam
1223,prabowo,PER,0.9801437,prabowo
1223,menko polkam,NOR,0.86608416,menko polhukam
1223,menpora,NOR,0.70162666,menpora
1224,menko polkam,NOR,0.95469236,menko polhukam
1224,menpora,NOR,0.9387284,menpora
1224,prabowo,PER,0.99457943,prabowo
1225,menko polkam,NOR,0.7044195,menko polhukam
1225,menpora,NOR,0.81617415,menpora
1226,pimpinan komisi i dpr,NOR,0.93380255,pimpinan komisi i dpr
1226,djamari chaniago,PER,0.98555154,djamari chaniago
1226,menko polkam,NOR,0.8644826,menko polhukam
1227,prabowo,PER,0.99392563,prabowo
1227,men,NOR,0.73098505,men
1227,polkam,NOR,0.8643553,polkam
1227,menpora,NOR,0.6417084,menpora
1229,zulhas,PER,0.98238695,zulhas
1229,bank himbara,ORG,0.9749255,bank himbara
1230,bank bumn,ORG,0.5250393,bank bumn
1231,erick thohir,PER,0.99093074,erick thohir
1231,menpora,NOR,0.8949603,menpora
1231,menteri bumn,NOR,0.95709693,menteri bumn
1232,erick thohir,PER,0.9919967,erick thohir
1232,menpora,NOR,0.9217664,menpora
1232,menteri bumn,NOR,0.9459038,menteri bumn
1234,prabowo,PER,0.9936434,prabowo
1234,menko polkam,NOR,0.9534213,menko polhukam
1234,djamari chaniago,PER,0.9868662,djamari chaniago
1234,menpora,NOR,0.9676235,menpora
1234,erick thohir,PER,0.9911464,erick thohir
1235,erick thohir,PER,0.9916503,erick thohir
1235,menpora,NOR,0.8079767,menpora
1235,djamari chaniago,PER,0.9868932,djamari chaniago
1235,menko polkam,NOR,0.91882247,menko polhukam
1236,prabowo subianto,PER,0.995082,prabowo subianto
1237,prabowo,PER,0.99184215,prabowo
1237,djamari chaniago,PER,0.9871651,djamari chaniago
1237,erick thohir,PER,0.9932535,erick thohir
1238,prabowo,PER,0.9971199,prabowo
1238,kepala,NOR,0.41440794,kepala
1238,lkpp,ORG,0.434335,lkpp
1239,ojol,ORG,0.4232676,ojol
1239,jk,ORG,0.3801325,jk
1239,jk,ORG,0.39452127,jk
1240,utak,PER,0.91471654,utak
1240,ati,PER,0.50905037,ati
1240,kabinet,PER,0.33376372,kabinet
1240,prabowo,PER,0.8688868,prabowo
1242,himbara,PER,0.2773387,himbara
1243,bri,ORG,0.7830292,bri
1243,pemerintah,NOR,0.9746523,pemerintahan
1243,pemerintah,NOR,0.47993043,pemerintahan
1244,zul,ORG,0.34422606,zul
1244,##has,PER,0.67005223,##has
1244,desa,ORG,0.4992799,desa
1245,angga raka,PER,0.9684266,angga raka
1245,kepala bkp,NOR,0.6801898,kepala bkp
1247,pemerintah,NOR,0.9699634,pemerintahan
1248,prabowo,PER,0.9788213,prabowo
1249,men,NOR,0.86255556,men
1249,polkam,NOR,0.80339354,polkam
1249,menpora,NOR,0.88048506,menpora
1249,prabowo,PER,0.99680376,prabowo
1250,menko polkam,NOR,0.94437337,menko polhukam
1250,djamari chaniago,PER,0.9930043,djamari chaniago
1250,mahfud md,PER,0.99066687,mahfud md
1251,prabowo,PER,0.9952524,prabowo
1251,##kam,NOR,0.476991,##kam
1252,rosan,PER,0.96767485,rosan
1253,prabowo,PER,0.9975794,prabowo
1254,kemenkeu,NOR,0.6410429,kemenkeu
1255,prabowo,PER,0.9957754,prabowo
1256,basuki,PER,0.9974789,basuki
1256,ikn,ORG,0.68989,ikn
1257,prabowo,PER,0.9738438,prabowo
1257,djamari chaniago,PER,0.98381364,djamari chaniago
1257,menko polkam,NOR,0.926002,menko polhukam
1257,erick thohir,PER,0.9937411,erick thohir
1257,menpora,NOR,0.891653,menpora
1258,bg,PER,0.8440605,bg
1258,sri mulyani,PER,0.99094754,sri mulyani
1258,prabowo,PER,0.9976336,prabowo
1259,menkeu,NOR,0.59647936,menkeu
1260,pertamina,ORG,0.839403,pertamina
1261,pemerintah,NOR,0.92783386,pemerintahan
1262,kop,ORG,0.48651728,kop
1262,bank,ORG,0.64873993,bank
1263,prabowo,PER,0.99747795,prabowo
1264,prabowo,PER,0.9944788,prabowo
1265,res,NOR,0.4689912,res
1265,prabowo,PER,0.9959447,prabowo
1266,bank,ORG,0.5782262,bank
1267,him,PER,0.5049477,him
1267,##bara,ORG,0.32789186,##bara
1269,menkeu,NOR,0.6776125,menkeu
1269,purbaya,PER,0.67525727,purbaya
1269,prabowo,PER,0.99330807,prabowo
1270,menke,NOR,0.5295838,menkeu
1270,##u,ORG,0.48710236,##u
1270,purba,PER,0.7643899,purba
1272,pemerintah,NOR,0.9811039,pemerintahan
1273,purbaya,PER,0.71920705,purbaya
1274,tim khusus,ORG,0.6653989,tim khusus
1274,genjot program prioritas,ORG,0.900153,genjot program prioritas
1275,ketua dpd,NOR,0.7601377,ketua dpd
1275,pemda,NOR,0.79510874,pemda
1277,purbaya,PER,0.78956974,purbaya
1277,prabowo,PER,0.9948154,prabowo
1278,airlangga,PER,0.7835099,airlangga
1279,##bara,ORG,0.38982493,##bara
1280,menkeu purba,NOR,0.64349174,menkeu purbaya
1280,cia,NOR,0.2407534,cia
1281,pemerintah,NOR,0.9838509,pemerintahan
1281,ojol,ORG,0.86125684,ojol
1282,men,NOR,0.5350076,men
1283,pemerintah,NOR,0.9420465,pemerintahan
1285,airlangga,PER,0.95550513,airlangga
1285,menteri keuangan,NOR,0.92688656,menteri keuangan
1286,bank mandiri,ORG,0.9892275,bank mandiri
1286,pemerintah,NOR,0.9440023,pemerintahan
1287,prabowo,PER,0.9973623,prabowo
1287,menko polkam,NOR,0.90571237,menko polhukam
1287,menpora,NOR,0.8739871,menpora
1288,men,NOR,0.41339076,men
1288,ferry,PER,0.8397477,ferry
1288,koperasi,ORG,0.49954015,koperasi
1289,menke,NOR,0.72418934,menkeu
1289,pemerintah,NOR,0.94344425,pemerintahan
1291,dpr,NOR,0.9865118,dpr
1291,kemenkeu,NOR,0.73288435,kemenkeu
1292,kemenkeu,NOR,0.89815515,kemenkeu
1293,menpora,NOR,0.9084691,menpora
1293,menko polkam,NOR,0.86755747,menko polhukam
1293,prabowo,PER,0.9965205,prabowo
1294,menteri olahraga taiwan,NOR,0.97764635,menteri olahraga taiwan
1295,kemenkeu,NOR,0.9122262,kemenkeu
1295,dpr,NOR,0.98448044,dpr
1296,kemenkeu,NOR,0.8025279,kemenkeu
1297,bobby,PER,0.99650097,bobby
